# Blender 5.0.1
# www.blender.org
mtllib Billboard.mtl.mtl
o Ecleposs_HD_bill_board_for_Cinema4D
v -3.601600 48.724903 32.325897
v -3.601700 278.956085 32.325878
v -5.682000 278.956085 32.325878
v -5.682000 48.724903 32.325897
v -5.682000 278.956055 -390.761536
v -3.601700 278.956055 -390.761536
v -3.601600 48.724869 -390.761505
v -5.682000 48.724869 -390.761505
v 2.024000 76.172203 -3.857206
v 2.024000 256.293610 -3.857219
v 2.024000 256.293610 8.608881
v 2.024000 76.172203 8.608894
v 5.682100 278.956055 -362.531219
v 5.682100 278.235382 -390.761536
v -2.261700 278.956055 -390.761536
v 5.682100 278.956055 -362.091217
v 5.682100 278.956055 -347.421326
v 5.682100 278.956055 -346.981323
v 5.682100 278.956055 -268.018829
v 5.682100 278.956055 -267.578827
v 5.682100 278.956055 -250.370422
v 5.682100 278.956055 -249.930420
v 5.682100 278.956055 -236.990311
v 5.682100 278.956055 -236.550308
v 5.682100 278.956055 -219.312317
v 5.682100 278.956055 -218.872314
v 5.682100 278.956085 -152.031418
v 5.682100 278.956085 -151.591415
v 5.682100 278.956085 -133.048218
v 5.682100 278.956085 -132.608215
v 5.682000 278.956085 -107.313126
v 5.682000 278.956085 -106.873123
v 5.682000 278.956085 -91.348221
v 5.682000 278.956085 -90.908226
v 5.682000 278.956085 -18.010620
v 5.682000 278.956085 -17.570621
v 5.682000 278.956085 -4.077221
v 5.682000 278.956085 -3.637221
v 5.682000 278.235413 32.325878
v -2.261700 278.956085 32.325878
v 5.682000 48.004204 32.325897
v 5.682000 75.451401 8.608894
v 5.682000 255.572800 8.608881
v 5.682000 48.004200 -3.637204
v 5.682000 75.451401 -3.637206
v 5.682100 48.004169 -390.761505
v 5.682100 255.572769 -371.937317
v 5.682100 75.451370 -371.937286
v 5.682100 256.293579 -362.531219
v 5.682000 76.172195 -91.348206
v 5.682000 76.172195 -106.873108
v 5.682000 76.392189 -107.093109
v 5.682000 256.293610 -106.873123
v 5.682000 256.073608 -107.093124
v 5.682000 256.293610 -91.348221
v 5.682000 256.073608 -91.128220
v 5.682000 76.392189 -91.128204
v 5.682000 48.724892 -106.873100
v 5.682000 48.724892 -91.348297
v 5.682000 256.293610 -18.010618
v 5.682000 256.293610 -90.908226
v 2.024100 76.172195 -132.828201
v 2.024100 256.293610 -132.828217
v 2.024000 256.293610 -107.093124
v 2.024000 76.172195 -107.093109
v 5.682100 48.004189 -132.608200
v 5.682100 75.451393 -132.608200
v 5.682000 75.451393 -107.313110
v 5.682000 48.004192 -107.313103
v 5.682000 256.293610 -107.313126
v 5.682100 256.293610 -132.608215
v 5.682100 76.172195 -133.048203
v 5.682100 76.172188 -151.591400
v 5.682100 76.392181 -151.811401
v 5.682100 256.293610 -151.591415
v 5.682100 256.073608 -151.811417
v 5.682100 256.293610 -133.048218
v 5.682100 256.073608 -132.828217
v 5.682100 76.392189 -132.828201
v 5.682100 48.724888 -151.591400
v 5.682100 48.724888 -133.048203
v 2.024100 76.172188 -219.092300
v 2.024100 256.293579 -219.092316
v 2.024100 256.293610 -151.811417
v 2.024100 76.172188 -151.811401
v 5.682100 48.004185 -218.872299
v 5.682100 75.451385 -218.872299
v 5.682100 75.451385 -152.031403
v 5.682100 48.004189 -152.031403
v 5.682100 256.293610 -152.031418
v 5.682100 256.293579 -218.872314
v 5.682100 76.172188 -219.312302
v 5.682100 76.172188 -236.550293
v 5.682100 76.392181 -236.770294
v 5.682100 256.293579 -236.550308
v 5.682100 256.073578 -236.770309
v 5.682100 256.293579 -219.312317
v 5.682100 256.073578 -219.092316
v 5.682100 76.392181 -219.092300
v 5.682100 48.724880 -236.550293
v 5.682100 48.724884 -219.312302
v 2.024100 76.172188 -250.150406
v 2.024100 256.293579 -250.150421
v 2.024100 256.293579 -236.770309
v 2.024100 76.172188 -236.770294
v 5.682100 48.724880 -249.930405
v 5.682100 76.172188 -249.930405
v 5.682100 76.172188 -236.990295
v 5.682100 48.724880 -236.990295
v 5.682100 256.293579 -236.990311
v 5.682100 256.293579 -249.930420
v 5.682100 76.172188 -250.370407
v 5.682100 76.172180 -267.578796
v 5.682100 76.392174 -267.798798
v 5.682100 256.293579 -267.578827
v 5.682100 256.073578 -267.798828
v 5.682100 256.293579 -250.370422
v 5.682100 256.073578 -250.150421
v 5.682100 76.392181 -250.150406
v 5.682100 48.724880 -267.578796
v 5.682100 48.724880 -250.370407
v 2.024100 76.172180 -347.201294
v 2.024100 256.293579 -347.201324
v 2.024100 256.293579 -267.798828
v 2.024100 76.172180 -267.798798
v 5.682100 48.004173 -346.981293
v 5.682100 75.451378 -346.981293
v 5.682100 75.451378 -268.018799
v 5.682100 48.004181 -268.018799
v 5.682100 256.293579 -268.018829
v 5.682100 256.293579 -346.981323
v 5.682100 76.172180 -347.421295
v 5.682100 76.172173 -362.091187
v 5.682100 76.392166 -362.311188
v 5.682100 256.293579 -362.091217
v 5.682100 256.073578 -362.311218
v 5.682100 256.293579 -347.421326
v 5.682100 256.073578 -347.201324
v 5.682100 76.392174 -347.201294
v 5.682100 48.724873 -362.091187
v 5.682100 48.724873 -347.421295
v 2.024100 76.172173 -371.937286
v 2.024100 256.293579 -371.937317
v 2.024100 256.293579 -362.311218
v 2.024100 76.172173 -362.311188
v 5.682100 48.004173 -362.531189
v 5.682100 75.451370 -362.531189
v 2.024000 76.172195 -91.128204
v 2.024000 256.293610 -91.128220
v 2.024000 256.293610 -17.790619
v 2.024000 76.172203 -17.790606
v 5.682000 48.004192 -90.908203
v 5.682000 75.451393 -90.908211
v 5.682000 75.451401 -18.010605
v 5.682000 48.004200 -18.010603
v 5.682000 256.293610 -4.077219
v 5.682000 256.293610 -17.570620
v 5.682000 76.172203 -4.077206
v 5.682000 76.172203 -17.570606
v 5.682000 76.392197 -17.790606
v 5.682000 256.073608 -17.790619
v 5.682000 256.073608 -3.857219
v 5.682000 76.392197 -3.857206
v 5.682000 48.724899 -17.570604
v 5.682000 48.724899 -4.077204
v 5.682000 256.293610 -3.637219
v 5.462000 76.172203 -3.857206
v 5.462000 256.293610 -3.857219
v 5.462100 76.172195 -132.828201
v 5.462000 76.172195 -107.093109
v 5.462100 256.293610 -132.828217
v 5.462000 256.293610 -107.093124
v 5.462100 76.172188 -219.092300
v 5.462100 76.172188 -151.811401
v 5.462100 256.293579 -219.092316
v 5.462100 256.293610 -151.811417
v 5.462100 76.172188 -250.150406
v 5.462100 76.172188 -236.770294
v 5.462100 256.293579 -250.150421
v 5.462100 256.293579 -236.770309
v 5.462100 76.172180 -347.201294
v 5.462100 76.172180 -267.798798
v 5.462100 256.293579 -347.201324
v 5.462100 256.293579 -267.798828
v 5.462100 256.293579 -362.311218
v 5.462100 76.172173 -362.311188
v 5.462000 256.293610 -17.790619
v 5.462000 256.293610 -91.128220
v 5.462000 76.172203 -17.790606
v 5.462000 76.172195 -91.128204
v -2.261600 48.724903 32.325897
v -2.261600 48.724869 -390.761505
v -2.931700 279.663208 33.032978
v -2.931600 48.017803 33.032997
v -2.931600 48.017769 -391.468597
v -2.931700 279.663177 -391.468628
v 140.281006 -1.002227 -353.105713
v 140.281006 -1.002227 -358.917694
v 147.619705 -1.002227 -358.917694
v 147.619705 -1.002227 -353.105713
v 140.281006 80.053375 -353.105713
v 147.619705 80.053375 -353.105713
v 147.619705 80.053368 -358.917694
v 140.281006 80.053368 -358.917694
v 147.619705 54.996075 -353.105713
v 140.281006 54.996075 -353.105713
v 147.619705 68.325867 -358.917694
v 147.619705 68.325874 -353.105713
v 140.281006 54.996075 -358.917694
v 140.281006 68.325867 -358.917694
v 4.633200 68.325874 -353.105713
v 4.633200 68.325867 -358.917694
v 4.633200 54.996075 -358.917694
v 4.633200 54.996075 -353.105713
v 12.140900 68.325867 -358.917694
v 12.140900 68.325874 -353.105713
v 140.281006 68.325874 -353.105713
v 140.281006 54.996075 -360.202911
v 12.140900 54.996075 -360.202911
v 12.140900 68.325867 -360.202911
v 140.281006 68.325867 -360.202911
v 12.140900 54.996075 -353.105713
v 12.140900 54.996075 -358.917694
v 140.281006 54.996075 -351.820496
v 147.619705 54.996075 -351.820496
v 147.619705 68.325874 -351.820496
v 140.281006 68.325874 -351.820496
v 12.140900 68.325874 -351.820496
v 12.140900 54.996075 -351.820496
v 4.633200 54.996075 -351.820496
v 4.633200 68.325874 -351.820496
v 12.140900 51.807674 -353.105713
v 12.140900 52.741474 -349.565887
v 4.633200 52.741474 -349.565887
v 4.633200 51.807674 -353.105713
v 151.396103 67.325867 -359.917694
v 151.396103 55.996075 -359.917694
v 151.396103 55.996075 -359.202911
v 151.396103 67.325867 -359.202911
v 4.633200 68.325867 -360.202911
v 4.633200 54.996075 -360.202911
v 12.140900 71.514267 -358.917694
v 12.140900 70.580467 -362.457489
v 4.633200 70.580467 -362.457489
v 4.633200 71.514267 -358.917694
v 152.578506 54.996075 -358.917694
v 152.578506 68.325867 -358.917694
v 152.578506 54.996075 -360.202911
v 152.578506 68.325867 -360.202911
v 139.364197 -1.002201 -7.856000
v 139.364197 -1.002201 -15.312800
v 146.370804 -1.002201 -15.312800
v 146.370804 -1.002201 -7.856000
v 139.364197 72.732300 -7.856006
v 146.370804 72.732300 -7.856006
v 146.370804 72.732300 -15.312806
v 139.364197 72.732300 -15.312806
v 146.370804 54.996101 -7.856004
v 139.364197 54.996101 -7.856004
v 146.370804 68.325897 -15.312805
v 146.370804 68.325897 -7.856005
v 139.364197 54.996101 -15.312804
v 139.364197 68.325897 -15.312805
v 4.633200 68.325897 -7.856005
v 4.633200 68.325897 -15.312805
v 4.633200 54.996101 -15.312804
v 4.633200 54.996101 -7.856004
v 12.140900 68.325897 -15.312805
v 12.140900 68.325897 -7.856005
v 139.364197 68.325897 -7.856005
v 12.140900 54.996101 -15.312804
v 12.140900 54.996101 -7.856004
v 139.364197 54.996101 -6.116204
v 146.370804 54.996101 -6.116204
v 146.370804 68.325897 -6.116205
v 139.364197 68.325897 -6.116205
v 12.140900 68.325897 -6.116205
v 12.140900 54.996101 -6.116204
v 4.633200 54.996101 -6.116204
v 4.633200 68.325897 -6.116205
v 12.140900 51.807701 -7.856004
v 12.140900 52.741501 -3.861704
v 4.633200 52.741501 -3.861704
v 4.633200 51.807701 -7.856004
v 149.527603 54.996101 -7.856004
v 149.527603 68.325897 -7.856005
v 149.527603 68.325897 -6.116205
v 149.527603 54.996101 -6.116204
v 150.777206 68.325897 -7.856005
v 150.777206 68.325897 -15.312805
v 150.777206 72.732300 -15.312806
v 150.777206 72.732300 -7.856006
v 6.610600 66.485100 -17.153606
v 6.610600 66.485100 -6.015205
v 6.610600 74.573196 -6.015206
v 6.610600 74.573196 -17.153606
v 139.364197 -1.002210 -138.990494
v 139.364197 -1.002211 -147.180405
v 148.239395 -1.002211 -147.180405
v 148.239395 -1.002210 -138.990494
v 139.364197 68.325890 -138.990494
v 148.239395 68.325890 -138.990494
v 148.239395 68.325890 -147.180405
v 139.364197 68.325890 -147.180405
v 148.239395 -1.002210 -135.318497
v 148.239395 54.996090 -135.318497
v 139.364197 54.996090 -135.318497
v 139.364197 -1.002210 -135.318497
v 148.239395 54.996090 -138.990494
v 139.364197 54.996090 -147.180405
v 139.364197 54.996090 -138.990494
v 4.633200 68.325890 -138.990494
v 4.633200 68.325890 -147.180405
v 4.633200 54.996090 -147.180405
v 4.633200 54.996090 -138.990494
v 139.364197 71.997894 -147.180405
v 12.140900 71.997894 -147.180405
v 12.140900 71.997894 -138.990494
v 139.364197 71.997894 -138.990494
v 12.140900 54.996090 -147.180405
v 12.140900 68.325890 -147.180405
v 12.140900 54.996090 -138.990494
v 139.364197 55.996090 -137.808105
v 147.239395 55.996090 -137.808105
v 147.239395 67.325890 -137.808105
v 139.364197 67.325890 -137.808105
v 12.140900 67.325890 -137.808105
v 12.140900 55.996090 -137.808105
v 4.633200 71.997894 -138.990494
v 4.633200 71.997894 -147.180405
v 12.140900 68.325890 -135.802094
v 12.140900 74.252495 -136.735901
v 4.633200 74.252495 -136.735901
v 4.633200 68.325890 -135.802094
v 139.364197 -1.002217 -223.815903
v 139.364197 -1.002217 -230.655396
v 152.968307 -1.002217 -230.655396
v 152.968307 -1.002217 -223.815903
v 139.364197 68.325882 -223.815903
v 152.968307 68.325882 -223.815903
v 152.968307 68.325882 -230.655396
v 139.364197 68.325882 -230.655396
v 152.968307 54.996086 -223.815903
v 139.364197 54.996086 -223.815903
v 139.364197 54.996082 -230.655396
v 4.633200 68.325882 -223.815903
v 4.633200 68.325882 -230.655396
v 4.633200 54.996082 -230.655396
v 4.633200 54.996086 -223.815903
v 12.140900 68.325882 -230.655396
v 12.140900 68.325882 -223.815903
v 139.364197 54.996082 -231.996902
v 12.140900 54.996082 -231.996902
v 12.140900 68.325882 -231.996902
v 139.364197 68.325882 -231.996902
v 12.140900 54.996086 -223.815903
v 12.140900 54.996082 -230.655396
v 139.364197 54.996086 -222.474396
v 152.968307 54.996086 -222.474396
v 152.968307 68.325882 -222.474396
v 139.364197 68.325882 -222.474396
v 12.140900 68.325882 -222.474396
v 12.140900 54.996086 -222.474396
v 157.095093 67.325882 -231.203400
v 157.095093 55.996082 -231.203400
v 157.095093 55.996082 -231.448898
v 157.095093 67.325882 -231.448898
v 4.633200 68.325882 -231.996902
v 4.633200 54.996082 -231.996902
v 12.140900 71.514282 -230.655396
v 12.140900 70.580482 -234.251404
v 4.633200 70.580482 -234.251404
v 4.633200 71.514282 -230.655396
v 4.633200 54.996086 -222.474396
v 4.633200 68.325882 -222.474396
v 12.140900 51.807686 -223.815903
v 12.140900 52.741486 -220.219894
v 4.633200 52.741486 -220.219894
v 4.633200 51.807686 -223.815903
v 158.677704 55.996086 -223.267899
v 158.677704 67.325882 -223.267899
v 158.677704 67.325882 -223.022400
v 158.677704 55.996086 -223.022400
v 155.912704 54.996082 -230.655396
v 155.912704 68.325882 -230.655396
v 155.912704 54.996082 -231.996902
v 155.912704 68.325882 -231.996902
v 157.495300 68.325882 -223.815903
v 157.495300 54.996086 -223.815903
v 157.495300 68.325882 -222.474396
v 157.495300 54.996086 -222.474396
v 101.264603 -1.002201 -7.172800
v 101.264603 -1.002201 -14.340000
v 110.335403 -1.002201 -14.340000
v 110.335403 -1.002201 -7.172800
v 96.731400 170.010101 -7.172813
v 110.335403 170.010101 -7.172813
v 110.335403 170.010101 -14.340013
v 96.731400 170.010101 -14.340013
v 113.248802 -0.002200 -5.441800
v 113.248802 32.391800 -5.441803
v 100.715897 32.391800 -5.441803
v 100.715897 -0.002200 -5.441800
v 113.248802 -0.002201 -16.070999
v 113.248802 32.391800 -16.071001
v 100.715897 -0.002201 -16.070999
v 100.715897 32.391800 -16.071001
v 4.633200 170.010101 -7.172813
v 4.633200 170.010101 -14.340013
v 4.633200 159.810394 -14.340013
v 4.633200 159.810394 -7.172812
v 12.140900 170.010101 -14.340013
v 12.140900 170.010101 -7.172813
v 101.264603 159.810394 -14.340013
v 12.140900 159.810394 -14.340013
v 101.264603 159.810394 -7.172812
v 12.140900 159.810394 -7.172812
v 110.335403 159.810394 -7.172812
v 101.264603 33.391800 -7.172802
v 110.335403 33.391800 -7.172802
v 110.335403 33.391800 -14.340003
v 101.264603 33.391800 -14.340003
v 99.533600 -1.002200 -5.441800
v 99.533600 -1.002201 -16.070999
v 112.066498 -1.002200 -5.441800
v 112.066498 -1.002201 -16.070999
v 99.533600 33.391800 -5.441803
v 112.066498 33.391800 -5.441803
v 99.533600 33.391800 -16.071001
v 112.066498 33.391800 -16.071001
v 101.264603 -1.002210 -136.106995
v 101.264603 -1.002211 -143.993805
v 110.335403 -1.002211 -143.993805
v 110.335403 -1.002210 -136.106995
v 96.731400 170.010086 -136.107010
v 110.335403 170.010086 -136.107010
v 110.335403 170.010086 -143.993820
v 96.731400 170.010086 -143.993820
v 112.066498 -1.002210 -134.376007
v 112.066498 33.391788 -134.376007
v 99.533600 33.391788 -134.376007
v 99.533600 -1.002210 -134.376007
v 112.066498 -1.002211 -145.724792
v 112.066498 33.391788 -145.724792
v 100.533600 -0.002211 -149.355103
v 100.533600 32.391788 -149.355103
v 111.066498 32.391788 -149.355103
v 111.066498 -0.002211 -149.355103
v 99.533600 33.391788 -145.724792
v 99.533600 -1.002211 -145.724792
v 4.633200 170.010086 -136.107010
v 4.633200 170.010086 -143.993820
v 4.633200 159.810379 -143.993820
v 4.633200 159.810379 -136.107010
v 12.140900 170.010086 -143.993820
v 12.140900 170.010086 -136.107010
v 96.081497 169.010086 -147.624115
v 99.725800 160.810379 -147.624115
v 12.140900 160.810379 -147.624115
v 12.140900 169.010086 -147.624115
v 101.264603 159.810379 -136.107010
v 12.140900 159.810379 -136.107010
v 12.140900 159.810379 -143.993820
v 101.264603 159.810379 -143.993820
v 110.335403 159.810379 -136.107010
v 101.264603 33.391788 -136.106995
v 110.335403 33.391788 -136.106995
v 113.965797 34.391788 -142.993805
v 113.965797 169.010086 -142.993820
v 113.965797 169.010086 -137.107010
v 113.965797 159.810379 -137.107010
v 113.965797 34.391788 -137.106995
v 101.264603 33.391788 -143.993805
v 110.335403 33.391788 -143.993805
v 112.066498 -1.002211 -148.172806
v 112.066498 33.391788 -148.172806
v 99.533600 -1.002211 -148.172806
v 99.533600 33.391788 -148.172806
v 101.264603 159.810379 -146.441818
v 96.731400 170.010086 -146.441818
v 12.140900 159.810379 -146.441818
v 4.633200 170.010086 -146.441818
v 4.633200 159.810379 -146.441818
v 12.140900 173.198486 -143.993820
v 12.140900 172.264679 -148.696320
v 4.633200 172.861877 -147.867722
v 4.633200 173.198486 -143.993820
v 112.783501 170.010086 -136.107010
v 112.783501 170.010086 -143.993820
v 112.783501 159.810379 -136.107010
v 112.783501 33.391788 -136.106995
v 112.783501 33.391788 -143.993805
v 101.264603 -1.002217 -223.885803
v 101.264603 -1.002217 -230.725204
v 110.335403 -1.002217 -230.725204
v 110.335403 -1.002217 -223.885803
v 96.731400 170.010086 -223.885818
v 110.335403 170.010086 -223.885818
v 110.335403 170.010086 -230.725220
v 96.731400 170.010086 -230.725220
v 110.884102 -0.002217 -222.937195
v 110.884102 25.011784 -222.937195
v 98.351196 25.011784 -222.937195
v 98.351196 -0.002217 -222.937195
v 110.884102 -0.002217 -231.673798
v 110.884102 25.011784 -231.673798
v 98.351196 -0.002217 -231.673798
v 98.351196 25.011784 -231.673798
v 4.633200 170.010086 -223.885818
v 4.633200 170.010086 -230.725220
v 4.633200 159.810379 -230.725220
v 4.633200 159.810379 -223.885818
v 12.140900 170.010086 -230.725220
v 12.140900 170.010086 -223.885818
v 101.264603 159.810379 -230.725220
v 12.140900 159.810379 -230.725220
v 101.264603 159.810379 -223.885818
v 12.140900 159.810379 -223.885818
v 110.335403 159.810379 -223.885818
v 101.264603 26.011784 -223.885803
v 110.335403 26.011784 -223.885803
v 110.335403 26.011784 -230.725204
v 101.264603 26.011784 -230.725204
v 99.533600 -1.002217 -222.937195
v 99.533600 -1.002218 -231.673798
v 112.066498 -1.002217 -222.937195
v 112.066498 -1.002218 -231.673798
v 99.533600 26.011784 -222.937195
v 112.066498 26.011784 -222.937195
v 99.533600 26.011784 -231.673798
v 112.066498 26.011784 -231.673798
v 101.264603 -1.002227 -351.707703
v 101.264603 -1.002227 -358.581085
v 110.335403 -1.002227 -358.581085
v 110.335403 -1.002227 -351.707703
v 96.731400 170.010071 -351.707703
v 110.335403 170.010071 -351.707703
v 110.335403 170.010071 -358.581085
v 96.731400 170.010071 -358.581085
v 112.066498 -1.002226 -349.976715
v 112.066498 33.391773 -349.976715
v 99.533600 33.391773 -349.976715
v 99.533600 -1.002226 -349.976715
v 112.066498 -1.002227 -360.312103
v 112.066498 33.391773 -360.312103
v 99.533600 -1.002227 -362.760101
v 99.533600 33.391773 -362.760101
v 112.066498 33.391773 -362.760101
v 112.066498 -1.002227 -362.760101
v 99.533600 33.391773 -360.312103
v 99.533600 -1.002227 -360.312103
v 4.633200 170.010071 -351.707703
v 4.633200 170.010071 -358.581085
v 4.633200 159.810364 -358.581085
v 4.633200 159.810364 -351.707703
v 96.731400 172.458069 -358.581085
v 12.140900 172.458069 -358.581085
v 12.140900 172.458069 -351.707703
v 96.731400 172.458069 -351.707703
v 101.264603 159.810364 -358.581085
v 12.140900 159.810364 -358.581085
v 12.140900 170.010071 -358.581085
v 101.264603 159.810364 -351.707703
v 12.140900 159.810364 -351.707703
v 110.335403 159.810364 -351.707703
v 12.140900 170.010071 -351.707703
v 101.264603 33.391773 -351.707703
v 110.335403 33.391773 -351.707703
v 111.517799 34.391773 -357.581085
v 111.517799 169.010071 -357.581085
v 111.517799 169.010071 -352.707703
v 111.517799 159.810364 -352.707703
v 111.517799 34.391773 -352.707703
v 101.264603 33.391773 -358.581085
v 110.335403 33.391773 -358.581085
v 4.633200 172.458069 -351.707703
v 4.633200 172.458069 -358.581085
v 12.140900 170.010071 -348.519287
v 12.140900 174.712570 -349.453186
v 4.633200 174.712570 -349.453186
v 4.633200 170.010071 -348.519287
v 59.644402 -1.002228 -377.110291
v 59.644402 -1.002229 -384.316498
v 68.715302 -1.002229 -384.316498
v 68.715302 -1.002228 -377.110291
v 55.111198 272.733063 -377.110321
v 68.715302 272.733063 -377.110321
v 68.715302 272.733063 -384.316528
v 55.111198 272.733063 -384.316528
v 71.628700 -0.002228 -375.379303
v 71.628700 108.348366 -375.379303
v 59.095798 108.348366 -375.379303
v 59.095798 -0.002228 -375.379303
v 71.628700 -0.002229 -386.047485
v 71.628700 108.348366 -386.047485
v 59.095798 -0.002229 -386.047485
v 59.095798 108.348366 -386.047485
v 4.633200 272.733063 -377.110321
v 4.633200 272.733063 -384.316528
v 4.633200 262.533478 -384.316528
v 4.633200 262.533356 -377.110321
v 12.140900 272.733063 -384.316528
v 12.140900 272.733063 -377.110321
v 59.644402 262.533478 -384.316528
v 12.140900 262.533356 -384.316528
v 59.644402 262.533356 -377.110321
v 12.140900 262.533356 -377.110321
v 59.644402 262.533356 -373.921936
v 68.715302 262.533356 -373.921936
v 68.715302 272.733063 -373.921936
v 55.111198 272.733063 -373.921936
v 12.140900 272.733063 -373.921936
v 12.140900 262.533356 -373.921936
v 68.715302 262.533356 -377.110321
v 59.644402 109.348366 -377.110291
v 68.715302 109.348366 -377.110291
v 68.715302 109.348366 -384.316498
v 59.644402 109.348366 -384.316498
v 57.913399 -1.002228 -375.379303
v 57.913399 -1.002229 -386.047485
v 70.446297 -1.002228 -375.379303
v 70.446297 -1.002229 -386.047485
v 57.913399 109.348366 -375.379303
v 70.446297 109.348366 -375.379303
v 57.913399 109.348366 -386.047485
v 70.446297 109.348366 -386.047485
v 59.644402 -1.002207 -95.829597
v 59.644402 -1.002208 -102.048500
v 68.715302 -1.002208 -102.048500
v 68.715302 -1.002207 -95.829597
v 55.111198 272.733093 -95.829620
v 68.715302 272.733093 -95.829620
v 68.715302 272.733185 -102.048523
v 55.111198 272.733185 -102.048523
v 70.446297 -1.002207 -94.098602
v 70.446297 109.348389 -94.098511
v 57.913399 109.348389 -94.098511
v 57.913399 -1.002207 -94.098602
v 70.446297 -1.002208 -103.779503
v 70.446297 109.348389 -103.779510
v 57.913399 -1.002208 -103.779503
v 57.913399 109.348389 -103.779510
v 4.633200 272.733093 -95.829620
v 4.633200 272.733185 -102.048523
v 4.633200 262.533508 -102.048523
v 4.633200 262.533508 -95.829620
v 12.140900 272.733185 -102.048523
v 12.140900 272.733093 -95.829620
v 59.644402 262.533508 -102.048523
v 12.140900 262.533508 -102.048523
v 59.644402 262.533508 -95.829620
v 12.140900 262.533508 -95.829620
v 68.715302 262.533508 -95.829620
v 68.715302 262.533508 -93.381622
v 59.644402 262.533508 -93.381622
v 59.644402 109.348389 -93.381607
v 68.715302 109.348389 -93.381607
v 71.163300 109.348389 -102.048508
v 71.163300 272.733185 -102.048523
v 71.163300 272.733093 -95.829620
v 71.163300 262.533508 -95.829620
v 71.163300 109.348389 -95.829605
v 59.644402 109.348389 -102.048508
v 68.715302 109.348389 -102.048508
v 59.644402 109.348389 -95.829605
v 68.715302 109.348389 -95.829605
v 59.644402 -1.002219 -256.378296
v 59.644402 -1.002220 -263.217804
v 68.715302 -1.002220 -263.217804
v 68.715302 -1.002219 -256.378296
v 55.111198 288.139771 -256.378326
v 68.715302 288.139771 -256.378326
v 68.715302 288.139771 -263.217834
v 55.111198 288.139771 -263.217834
v 70.446297 -1.002219 -255.429703
v 70.446297 109.348373 -255.429718
v 57.913399 109.348373 -255.429718
v 57.913399 -1.002219 -255.429703
v 70.446297 -1.002220 -264.166412
v 70.446297 109.348373 -264.166412
v 57.913399 -1.002220 -264.166412
v 57.913399 109.348373 -264.166412
v 4.633200 272.733063 -256.378326
v 4.633200 272.733154 -263.217834
v 4.633200 262.533478 -263.217834
v 4.633200 262.533356 -256.378326
v 55.111198 272.733154 -263.217834
v 12.140900 272.733154 -263.217834
v 12.140900 272.733063 -256.378326
v 55.111198 272.733063 -256.378326
v 59.644402 262.533478 -263.217834
v 12.140900 262.533478 -263.217834
v 59.644402 262.533356 -256.378326
v 12.140900 262.533356 -256.378326
v 59.644402 263.533356 -254.388916
v 67.715302 263.533356 -254.388916
v 67.715302 271.733063 -254.388916
v 55.111198 271.733063 -254.388916
v 12.140900 271.733063 -254.388916
v 12.140900 263.533356 -254.388916
v 68.715302 262.533356 -256.378326
v 59.644402 109.348373 -256.378296
v 68.715302 109.348373 -256.378296
v 71.163300 110.348373 -262.669800
v 71.163300 271.733154 -262.669830
v 71.163300 271.733063 -256.926331
v 71.163300 262.533356 -256.926331
v 71.163300 110.348373 -256.926300
v 68.715302 272.733154 -263.217834
v 59.644402 109.348373 -263.217804
v 68.715302 109.348373 -263.217804
v 68.715302 272.733063 -256.378326
v 68.715302 271.733063 -256.926331
v 68.715302 271.733154 -262.669830
v 68.715302 262.533356 -256.926331
v 68.715302 110.348373 -256.926300
v 68.715302 110.348373 -262.669800
v 55.111198 272.733063 -255.036819
v 68.715302 272.733063 -255.036819
v 12.140900 272.733063 -255.036819
v 4.633200 262.533356 -255.036819
v 4.633200 272.733063 -255.036819
v 12.140900 259.344971 -256.378326
v 12.140900 260.278870 -252.782318
v 4.633200 259.681580 -253.610916
v 4.633200 259.344971 -256.378326
v 68.715302 262.533356 -255.036819
v 59.644402 262.533356 -255.036819
v 59.644402 -1.002198 23.427700
v 59.644402 -1.002199 14.757400
v 68.715302 -1.002199 14.757400
v 68.715302 -1.002198 23.427700
v 55.111198 277.238007 23.427679
v 68.715302 277.238007 23.427679
v 68.715302 277.238007 14.757379
v 55.111198 277.238007 14.757379
v 70.446297 -1.002198 25.158701
v 70.446297 82.847397 25.158695
v 57.913399 82.847397 25.158695
v 57.913399 -1.002198 25.158701
v 70.446297 -1.002199 13.026400
v 70.446297 82.847397 13.026393
v 57.913399 -1.002199 13.026400
v 57.913399 82.847397 13.026393
v 4.633200 272.733093 23.427679
v 4.633200 272.733093 14.757379
v 4.633200 262.533508 14.757380
v 4.633200 262.533386 23.427681
v 55.111198 272.733093 14.757379
v 12.140900 272.733093 14.757379
v 12.140900 272.733093 23.427679
v 55.111198 272.733093 23.427679
v 59.644402 262.533508 14.757380
v 12.140900 262.533508 14.757380
v 59.644402 262.533386 23.427681
v 12.140900 262.533386 23.427681
v 59.644402 262.533386 25.875681
v 68.715302 262.533386 25.875681
v 68.715302 272.733093 25.875679
v 55.111198 272.733093 25.875679
v 12.140900 272.733093 25.875679
v 12.140900 262.533386 25.875681
v 68.715302 262.533386 23.427681
v 59.644402 82.847397 23.427694
v 68.715302 82.847397 23.427694
v 68.715302 82.847397 14.757393
v 68.715302 272.733093 14.757379
v 68.715302 272.733093 23.427679
v 59.644402 82.847397 14.757393
v 4.633200 262.533386 25.875681
v 4.633200 272.733093 25.875679
v 12.140900 259.345093 23.427681
v 12.140900 260.278900 28.130180
v 4.633200 260.278900 28.130180
v 4.633200 259.345001 23.427681
v 76.524399 262.533386 23.427681
v 76.524399 272.733093 23.427679
v 76.524399 272.733093 25.875679
v 76.524399 262.533386 25.875681
v 152.578506 55.996075 -359.917694
v 152.578506 67.325867 -359.917694
v 152.578506 55.996075 -359.202911
v 152.578506 67.325867 -359.202911
v 139.364197 67.325890 -138.990494
v 147.239395 67.325890 -138.990494
v 12.140900 68.325890 -138.990494
v 12.140900 67.325890 -138.990494
v 5.633200 55.996090 -138.990494
v 5.633200 67.325890 -138.990494
v 12.140900 52.741589 -136.735901
v 12.140900 53.741589 -136.735901
v 5.633200 54.227489 -136.337601
v 4.633200 52.144287 -137.564606
v 147.239395 55.996090 -138.990494
v 139.364197 55.996090 -138.990494
v 155.912704 55.996082 -231.203400
v 155.912704 67.325882 -231.203400
v 155.912704 55.996082 -231.448898
v 155.912704 67.325882 -231.448898
v 157.495300 67.325882 -223.267899
v 157.495300 55.996086 -223.267899
v 157.495300 67.325882 -223.022400
v 157.495300 55.996086 -223.022400
v 99.533600 -0.002200 -5.441800
v 99.533600 -0.002201 -16.070999
v 112.066498 -0.002200 -5.441800
v 112.066498 -0.002201 -16.070999
v 99.533600 32.391800 -5.441803
v 112.066498 32.391800 -5.441803
v 99.533600 32.391800 -16.071001
v 112.066498 32.391800 -16.071001
v 111.066498 -0.002211 -148.172806
v 111.066498 32.391788 -148.172806
v 100.533600 -0.002211 -148.172806
v 100.533600 32.391788 -148.172806
v 99.725800 160.810379 -146.441818
v 96.081497 169.010086 -146.441818
v 12.140900 160.810379 -146.441818
v 5.633200 169.010086 -146.441818
v 5.633200 160.810379 -146.441818
v 12.140900 171.264679 -148.696320
v 5.633200 170.778687 -149.094711
v 112.783501 169.010086 -137.107010
v 112.783501 169.010086 -142.993820
v 112.783501 159.810379 -137.107010
v 112.783501 34.391788 -137.106995
v 112.783501 34.391788 -142.993805
v 99.533600 -0.002217 -222.937195
v 99.533600 -0.002217 -231.673798
v 112.066498 -0.002217 -222.937195
v 112.066498 -0.002217 -231.673798
v 99.533600 25.011784 -222.937195
v 112.066498 25.011784 -222.937195
v 99.533600 25.011784 -231.673798
v 112.066498 25.011784 -231.673798
v 110.335403 169.010071 -352.707703
v 110.335403 169.010071 -357.581085
v 110.335403 159.810364 -352.707703
v 110.335403 34.391773 -352.707703
v 110.335403 34.391773 -357.581085
v 57.913399 -0.002228 -375.379303
v 57.913399 -0.002229 -386.047485
v 70.446297 -0.002228 -375.379303
v 70.446297 -0.002229 -386.047485
v 57.913399 108.348366 -375.379303
v 70.446297 108.348366 -375.379303
v 57.913399 108.348366 -386.047485
v 70.446297 108.348366 -386.047485
v 55.111198 271.733063 -255.036819
v 67.715302 271.733063 -255.036819
v 12.140900 271.733063 -255.036819
v 5.633200 263.533356 -255.036819
v 5.633200 271.733063 -255.036819
v 12.140900 261.278870 -252.782318
v 5.633200 261.764771 -252.383911
v 67.715302 263.533356 -255.036819
v 59.644402 263.533356 -255.036819
v 5.633200 55.996090 -137.808105
v 5.633200 67.325890 -137.808105
v 12.140900 53.741489 -135.553497
v 5.633200 53.741489 -135.553497
v 5.633200 169.010086 -147.624115
v 5.633200 160.810379 -147.624115
v 12.140900 171.264587 -149.878708
v 5.633200 171.264587 -149.878708
v 5.633200 263.533356 -254.388916
v 5.633200 271.733063 -254.388916
v 12.140900 261.278870 -252.134308
v 5.633200 261.278870 -252.134308
v 12.140900 72.732300 -7.856006
v 12.140900 72.732300 -15.312806
v 4.633200 71.514275 -353.105713
v 12.140900 71.514275 -353.105713
v 4.633200 52.741474 -362.457489
v 12.140900 52.741474 -362.457489
v 4.633200 51.807674 -358.917694
v 12.140900 51.807674 -358.917694
v 4.633200 70.580475 -349.565887
v 12.140900 70.580475 -349.565887
v 4.633200 70.580498 -17.567307
v 4.633200 71.514297 -7.856005
v 12.140900 71.514297 -7.856005
v 12.140900 70.580498 -17.567307
v 4.633200 52.741501 -17.567305
v 12.140900 52.741501 -17.567305
v 4.633200 70.580498 -3.861705
v 12.140900 70.580498 -3.861705
v 4.633200 74.252495 -149.434998
v 12.140900 74.252495 -149.434998
v 4.633200 52.741489 -149.434998
v 4.633200 68.325890 -150.368805
v 12.140900 68.325890 -150.368805
v 12.140900 52.741489 -149.434998
v 5.633200 69.580490 -135.553497
v 12.140900 69.580490 -135.553497
v 4.633200 71.514282 -223.815903
v 12.140900 71.514282 -223.815903
v 4.633200 52.741482 -234.251404
v 12.140900 52.741482 -234.251404
v 4.633200 51.807682 -230.655396
v 12.140900 51.807682 -230.655396
v 4.633200 70.580482 -220.219894
v 12.140900 70.580482 -220.219894
v 4.633200 172.264603 -16.594513
v 4.633200 172.264603 -4.918213
v 12.140900 172.264603 -4.918213
v 12.140900 172.264603 -16.594513
v 4.633200 157.555893 -16.594511
v 12.140900 157.555893 -16.594511
v 4.633200 157.555893 -4.918212
v 12.140900 157.555893 -4.918212
v 4.633200 172.264587 -133.852509
v 12.140900 172.264587 -133.852509
v 5.633200 158.555878 -149.878708
v 12.140900 158.555878 -149.878708
v 4.633200 157.555878 -133.852509
v 4.633200 156.621979 -143.993820
v 12.140900 156.621979 -143.993820
v 12.140900 157.555878 -133.852509
v 4.633200 156.958588 -147.867722
v 12.140900 157.555878 -148.696320
v 12.140900 170.010086 -146.441711
v 4.633200 172.264587 -232.979813
v 4.633200 172.264587 -221.631210
v 12.140900 172.264587 -221.631210
v 12.140900 172.264587 -232.979813
v 4.633200 157.555878 -232.979813
v 12.140900 157.555878 -232.979813
v 4.633200 157.555878 -221.631210
v 12.140900 157.555878 -221.631210
v 4.633200 174.712570 -360.835602
v 12.140900 174.712570 -360.835602
v 4.633200 157.555862 -360.835602
v 4.633200 170.010071 -361.769501
v 12.140900 170.010071 -361.769501
v 12.140900 157.555862 -360.835602
v 4.633200 157.555862 -349.453186
v 12.140900 157.555862 -349.453186
v 4.633200 274.987671 -386.571045
v 4.633200 274.987671 -374.855835
v 12.140900 274.987671 -374.855835
v 12.140900 274.987671 -386.571045
v 4.633200 260.278870 -386.571045
v 12.140900 260.278870 -386.571045
v 4.633200 260.278870 -374.855835
v 12.140900 260.278870 -374.855835
v 4.633200 274.987701 -104.303024
v 4.633200 274.987701 -93.575020
v 12.140900 274.987610 -93.575020
v 12.140900 274.987701 -104.303024
v 4.633200 260.278992 -104.303024
v 12.140900 260.278992 -104.303024
v 4.633200 260.278900 -93.575020
v 12.140900 260.278900 -93.575020
v 4.633200 274.987671 -265.472321
v 4.633200 275.921478 -256.378326
v 12.140900 275.921478 -256.378326
v 12.140900 274.987671 -265.472321
v 4.633200 260.278961 -265.472321
v 12.140900 260.278961 -265.472321
v 5.633200 273.987671 -252.134308
v 12.140900 273.987671 -252.134308
v 4.633200 275.584869 -253.610916
v 12.140900 274.987671 -252.782318
v 12.140900 262.533356 -255.036819
v 4.633200 274.987701 12.502879
v 4.633200 275.921509 23.427679
v 12.140900 275.921509 23.427679
v 12.140900 274.987701 12.502879
v 4.633200 260.278900 12.502880
v 12.140900 260.278900 12.502880
v 4.633200 274.987701 28.130280
v 12.140900 274.987701 28.130280
v 5.633200 69.094490 -136.337601
v 12.140900 69.580490 -136.735901
v 12.140900 55.996090 -138.990494
v 5.633200 159.041779 -149.094711
v 12.140900 158.555878 -148.696320
v 12.140900 169.010086 -146.441818
v 5.633200 273.501678 -252.383911
v 12.140900 273.987671 -252.782318
v 12.140900 263.533356 -255.036819
v 12.140900 66.071404 -17.567307
v 12.140900 66.071404 -5.601505
v 12.140900 74.986900 -5.601506
v 12.140900 74.986900 -17.567307
v 97.995796 169.875275 -357.641693
v 109.432701 170.095474 -357.641693
v 109.432701 170.095474 -354.325714
v 97.995796 169.875275 -354.325714
v 18.533501 290.397675 -357.641724
v 18.533501 290.397675 -354.325745
v 18.486500 303.062073 -354.325745
v 18.486500 303.062073 -357.641632
v 20.241301 288.254578 -354.325745
v 20.241301 288.254578 -357.641724
v 20.267099 300.860474 -354.325745
v 20.267099 300.860474 -357.641632
v 20.267099 300.860474 -344.325745
v 18.486500 303.062073 -344.325745
v 18.533501 290.397675 -344.325745
v 20.241301 288.254578 -344.325745
v 18.533501 290.397675 -367.641724
v 18.486500 303.062073 -367.641632
v 20.267099 300.860474 -367.641632
v 20.241301 288.254578 -367.641724
v 97.995796 169.875290 -229.730713
v 109.432701 170.095490 -229.730713
v 109.432701 170.095490 -226.414719
v 97.995796 169.875290 -226.414719
v 18.533501 290.397675 -229.730713
v 18.533501 290.397675 -226.414810
v 18.486500 303.062073 -226.414810
v 18.486500 303.062073 -229.730713
v 20.241301 288.254578 -226.414810
v 20.241301 288.254578 -229.730713
v 20.267099 300.860474 -226.414810
v 20.267099 300.860474 -229.730713
v 20.267099 300.860474 -216.414810
v 18.486500 303.062073 -216.414810
v 18.533501 290.397675 -216.414810
v 20.241301 288.254578 -216.414810
v 18.533501 290.397675 -239.730713
v 18.486500 303.062073 -239.730713
v 20.267099 300.860474 -239.730713
v 20.241301 288.254578 -239.730713
v 97.995796 169.875290 -143.863617
v 109.432701 170.095490 -143.863617
v 109.432701 170.095490 -140.547714
v 97.995796 169.875290 -140.547714
v 18.533501 290.397705 -143.863708
v 18.533501 290.397705 -140.547714
v 18.486500 303.062103 -140.547714
v 18.486500 303.062103 -143.863708
v 20.241301 288.254608 -140.547714
v 20.241301 288.254608 -143.863708
v 20.267099 300.860504 -140.547714
v 20.267099 300.860504 -143.863708
v 20.267099 300.860504 -130.547714
v 18.486500 303.062103 -130.547714
v 18.533501 290.397705 -130.547714
v 20.241301 288.254608 -130.547714
v 18.533501 290.397705 -153.863708
v 18.486500 303.062103 -153.863708
v 20.267099 300.860504 -153.863708
v 20.241301 288.254608 -153.863708
v 97.995796 169.875305 -13.115313
v 109.432701 170.095505 -13.115313
v 109.432701 170.095505 -9.799413
v 97.995796 169.875305 -9.799413
v 18.533501 290.397705 -13.115322
v 18.533501 290.397705 -9.799422
v 18.486500 303.062103 -9.799423
v 18.486500 303.062103 -13.115323
v 20.241301 288.254608 -9.799422
v 20.241301 288.254608 -13.115322
v 20.267099 300.860504 -9.799423
v 20.267099 300.860504 -13.115323
v 20.267099 300.860504 0.200577
v 18.486500 303.062103 0.200577
v 18.533501 290.397705 0.200578
v 20.241301 288.254608 0.200578
v 18.533501 290.397705 -23.115320
v 18.486500 303.062103 -23.115322
v 20.267099 300.860504 -23.115322
v 20.241301 288.254608 -23.115320
v 13.570500 286.446503 32.172977
v 18.659700 286.446503 32.172977
v 18.659700 306.566010 32.172977
v 13.570500 306.566010 32.172977
v 13.570500 286.446472 -390.958038
v 13.570500 306.565979 -390.958038
v 18.659700 306.565979 -390.958038
v 18.659700 286.446472 -390.958038
v 13.570500 286.446503 -2.648122
v 18.659700 286.446503 -2.648122
v 18.659700 306.566010 -2.648123
v 13.570500 306.566010 -2.648123
v 13.570500 306.566010 -105.648125
v 13.570500 286.446503 -105.648125
v 18.659700 306.566010 -105.648125
v 18.659700 286.446503 -105.648125
v 13.570500 306.565979 -208.648132
v 13.570500 286.446472 -208.648117
v 18.659700 306.565979 -208.648132
v 18.659700 286.446472 -208.648117
v 13.570500 306.565979 -269.418121
v 13.570500 286.446472 -269.418121
v 18.659700 306.565979 -269.418121
v 18.659700 286.446472 -269.418121
v 12.570500 286.446472 -269.418121
v 12.570500 306.565979 -269.418121
v 12.570500 306.565979 -330.188019
v 12.570500 286.446472 -330.188019
v 18.659700 306.565979 -330.188019
v 13.570500 306.565979 -330.188019
v 18.659700 286.446472 -330.188019
v 13.570500 286.446472 -330.188019
v 71.903702 262.533356 -377.110321
v 71.903702 272.733063 -377.110321
v 71.903702 272.733063 -373.921936
v 71.903702 262.533356 -373.921936
v 5.072000 278.956085 -3.857221
v 5.072000 278.956085 -17.790621
v 5.072000 278.956085 -91.128220
v 5.072000 278.956085 -107.093124
v 5.072100 278.956085 -132.828217
v 5.072100 278.956085 -151.811417
v 5.072100 278.956055 -219.092316
v 5.072100 278.956055 -236.770309
v 5.072100 278.956055 -250.150421
v 5.072100 278.956055 -267.798828
v 5.072100 278.956055 -347.201324
v 5.072100 278.956055 -362.311218
v 5.072000 76.172203 -3.857206
v 5.072000 48.724899 -3.857203
v 5.072100 256.293579 -362.311218
v 5.072000 76.172195 -107.093109
v 5.072000 256.293610 -107.093124
v 5.072000 256.293610 -91.128220
v 5.072000 76.172195 -91.128204
v 5.072000 48.724892 -107.093102
v 5.072000 48.724892 -91.128304
v 5.072000 256.293610 -17.790619
v 5.072100 76.172195 -132.828201
v 5.072100 48.724888 -132.828201
v 5.072100 256.293610 -132.828217
v 5.072100 76.172188 -151.811401
v 5.072100 256.293610 -151.811417
v 5.072100 48.724888 -151.811401
v 5.072100 76.172188 -219.092300
v 5.072100 48.724884 -219.092300
v 5.072100 256.293579 -219.092316
v 5.072100 76.172188 -236.770294
v 5.072100 256.293579 -236.770309
v 5.072100 48.724880 -236.770294
v 5.072100 76.172188 -250.150406
v 5.072100 48.724880 -250.150406
v 5.072100 256.293579 -250.150421
v 5.072100 76.172180 -267.798798
v 5.072100 256.293579 -267.798828
v 5.072100 48.724880 -267.798798
v 5.072100 76.172180 -347.201294
v 5.072100 48.724873 -347.201294
v 5.072100 256.293579 -347.201324
v 5.072100 76.172173 -362.311188
v 5.072100 48.724873 -362.311188
v 5.072000 76.172203 -17.790606
v 5.072000 48.724899 -17.790604
v 5.072000 256.293610 -3.857219
v 10.355800 304.867401 -0.000023
v 10.355800 303.748993 1.937177
v 13.601400 303.748993 1.937177
v 13.601400 304.867401 -0.000023
v 10.355800 301.512085 1.937177
v 13.601400 301.512085 1.937177
v 10.355800 300.393707 -0.000023
v 13.601400 300.393707 -0.000023
v 10.355800 301.512085 -1.937223
v 13.601400 301.512085 -1.937223
v 10.355800 303.748993 -1.937223
v 13.601400 303.748993 -1.937223
v -33.789902 302.929413 0.897977
v -33.277302 303.148987 0.897977
v -33.383701 303.667389 -0.000023
v -34.008202 303.399902 -0.000023
v -33.353401 301.988403 0.897977
v -33.064602 302.112091 0.897977
v -33.135201 301.517914 -0.000023
v -32.958199 301.593689 -0.000023
v -33.353401 301.988403 -0.897923
v -33.064602 302.112091 -0.897923
v -33.789902 302.929413 -0.897923
v -33.277302 303.148987 -0.897923
v -34.224201 302.712097 0.897977
v -34.482601 303.162506 -0.000023
v -33.707500 301.811188 0.897977
v -33.449100 301.360809 -0.000023
v -33.707500 301.811188 -0.897923
v -34.224201 302.712097 -0.897923
v -34.663700 302.425598 0.897977
v -34.980400 302.838013 -0.000023
v -34.030300 301.600800 0.897977
v -33.713600 301.188507 -0.000023
v -34.030300 301.600800 -0.897923
v -34.663700 302.425598 -0.897923
v -35.088600 302.043610 0.897977
v -35.468700 302.399109 -0.000023
v -34.328602 301.332611 0.897977
v -33.948601 300.977112 -0.000023
v -34.328602 301.332611 -0.897923
v -35.088600 302.043610 -0.897923
v -35.478600 301.546906 0.897977
v -35.912998 301.833099 -0.000023
v -34.609798 300.974396 0.897977
v -34.175400 300.688202 -0.000023
v -34.609798 300.974396 -0.897923
v -35.478600 301.546906 -0.897923
v -35.820099 300.921112 0.897977
v -36.292999 301.136810 -0.000023
v -34.874401 300.489594 0.897977
v -34.401600 300.273895 -0.000023
v -34.874401 300.489594 -0.897923
v -35.820099 300.921112 -0.897923
v -36.107498 300.149506 0.897977
v -36.603802 300.302399 -0.000023
v -35.115002 299.843689 0.897977
v -34.618698 299.690796 -0.000023
v -35.115002 299.843689 -0.897923
v -36.107498 300.149506 -0.897923
v -36.338699 299.209900 0.897977
v -36.847698 299.311005 -0.000023
v -35.320702 299.007599 0.897977
v -34.811699 298.906494 -0.000023
v -35.320702 299.007599 -0.897923
v -36.338699 299.209900 -0.897923
v -36.511200 298.076508 0.897977
v -37.026501 298.136597 -0.000023
v -35.480701 297.956207 0.897978
v -34.965500 297.896088 -0.000022
v -35.480701 297.956207 -0.897922
v -36.511200 298.076508 -0.897923
v -36.621601 296.721802 0.897978
v -37.139400 296.749908 -0.000022
v -35.585899 296.665588 0.897978
v -35.068001 296.637604 -0.000022
v -35.585899 296.665588 -0.897922
v -36.621601 296.721802 -0.897922
v -36.664902 295.118286 0.897978
v -37.183399 295.121307 -0.000022
v -35.627800 295.112396 0.897978
v -35.109299 295.109406 -0.000022
v -35.627800 295.112396 -0.897922
v -36.664902 295.118286 -0.897922
v -36.635799 293.251587 0.897978
v -37.154202 293.247589 -0.000022
v -35.598900 293.259705 0.897978
v -35.080502 293.263702 -0.000022
v -35.598900 293.259705 -0.897922
v -36.635799 293.251587 -0.897922
v 13.601400 302.112091 -0.897923
v 13.601400 303.148987 -0.897923
v 13.601400 303.667389 -0.000023
v 13.601400 301.593689 -0.000023
v 13.601400 302.112091 0.897977
v 13.601400 303.148987 0.897977
v 10.355800 303.148987 0.897977
v 10.355800 303.667389 -0.000023
v 10.355800 302.112091 0.897977
v 10.355800 301.593689 -0.000023
v 10.355800 302.112091 -0.897923
v 10.355800 303.148987 -0.897923
v -38.053699 280.352814 -8.738821
v -41.020199 282.320099 -8.738821
v -33.169300 294.158508 -8.738822
v -30.202801 292.191193 -8.738822
v -38.053699 280.352814 8.686079
v -30.202801 292.191193 8.686078
v -33.169300 294.158508 8.686078
v -41.020199 282.320099 8.686079
v -38.096100 281.580811 -7.738822
v -31.350500 291.752411 -7.738822
v -31.350500 291.752411 7.686078
v -38.096100 281.580811 7.686079
v -37.672100 293.622589 -5.293022
v -42.278500 286.676605 -5.293022
v -42.278500 286.676605 5.240279
v -37.672100 293.622589 5.240278
v -40.467602 283.153503 -7.738822
v -33.722000 293.325104 -7.738822
v -40.467602 283.153503 7.686079
v -33.722000 293.325104 7.686078
v -30.755501 291.357788 -7.738822
v -37.501099 281.186188 -7.738822
v -30.755501 291.357788 7.686078
v -37.501099 281.186188 7.686079
v 10.355800 304.867401 -70.482025
v 10.355800 303.748993 -68.544823
v 13.601400 303.748993 -68.544823
v 13.601400 304.867401 -70.482025
v 10.355800 301.512085 -68.544823
v 13.601400 301.512085 -68.544823
v 10.355800 300.393707 -70.482025
v 13.601400 300.393707 -70.482025
v 10.355800 301.512085 -72.419121
v 13.601400 301.512085 -72.419121
v 10.355800 303.748993 -72.419121
v 13.601400 303.748993 -72.419121
v -33.789902 302.929413 -69.584023
v -33.277302 303.148987 -69.584023
v -33.383701 303.667389 -70.482025
v -34.008202 303.399902 -70.482025
v -33.353401 301.988403 -69.584023
v -33.064602 302.112091 -69.584023
v -33.135201 301.517914 -70.482025
v -32.958199 301.593689 -70.482025
v -33.353401 301.988403 -71.379921
v -33.064602 302.112091 -71.379921
v -33.789902 302.929413 -71.379921
v -33.277302 303.148987 -71.379921
v -34.224201 302.712097 -69.584023
v -34.482601 303.162506 -70.482025
v -33.707500 301.811188 -69.584023
v -33.449100 301.360809 -70.482025
v -33.707500 301.811188 -71.379921
v -34.224201 302.712097 -71.379921
v -34.663700 302.425598 -69.584023
v -34.980400 302.838013 -70.482025
v -34.030300 301.600800 -69.584023
v -33.713600 301.188507 -70.482025
v -34.030300 301.600800 -71.379921
v -34.663700 302.425598 -71.379921
v -35.088600 302.043610 -69.584023
v -35.468700 302.399109 -70.482025
v -34.328602 301.332611 -69.584023
v -33.948601 300.977112 -70.482025
v -34.328602 301.332611 -71.379921
v -35.088600 302.043610 -71.379921
v -35.478600 301.546906 -69.584023
v -35.912998 301.833099 -70.482025
v -34.609798 300.974396 -69.584023
v -34.175400 300.688202 -70.482025
v -34.609798 300.974396 -71.379921
v -35.478600 301.546906 -71.379921
v -35.820099 300.921112 -69.584023
v -36.292999 301.136810 -70.482025
v -34.874401 300.489594 -69.584023
v -34.401600 300.273895 -70.482025
v -34.874401 300.489594 -71.379921
v -35.820099 300.921112 -71.379921
v -36.107498 300.149506 -69.584023
v -36.603802 300.302399 -70.482025
v -35.115002 299.843689 -69.584023
v -34.618698 299.690796 -70.482025
v -35.115002 299.843689 -71.379921
v -36.107498 300.149506 -71.379921
v -36.338699 299.209900 -69.584023
v -36.847698 299.311005 -70.482025
v -35.320702 299.007599 -69.584023
v -34.811699 298.906494 -70.482025
v -35.320702 299.007599 -71.379921
v -36.338699 299.209900 -71.379921
v -36.511200 298.076508 -69.584023
v -37.026501 298.136597 -70.482025
v -35.480701 297.956207 -69.584023
v -34.965500 297.896088 -70.482025
v -35.480701 297.956207 -71.379921
v -36.511200 298.076508 -71.379921
v -36.621601 296.721802 -69.584023
v -37.139400 296.749908 -70.482025
v -35.585899 296.665588 -69.584023
v -35.068001 296.637604 -70.482025
v -35.585899 296.665588 -71.379921
v -36.621601 296.721802 -71.379921
v -36.664902 295.118286 -69.584023
v -37.183399 295.121307 -70.482025
v -35.627800 295.112396 -69.584023
v -35.109299 295.109406 -70.482025
v -35.627800 295.112396 -71.379921
v -36.664902 295.118286 -71.379921
v -36.635799 293.251587 -69.584023
v -37.154202 293.247589 -70.482025
v -35.598900 293.259705 -69.584023
v -35.080502 293.263702 -70.482025
v -35.598900 293.259705 -71.379921
v -36.635799 293.251587 -71.379921
v 13.601400 302.112091 -71.379921
v 13.601400 303.148987 -71.379921
v 13.601400 303.667389 -70.482025
v 13.601400 301.593689 -70.482025
v 13.601400 302.112091 -69.584023
v 13.601400 303.148987 -69.584023
v 10.355800 303.148987 -69.584023
v 10.355800 303.667389 -70.482025
v 10.355800 302.112091 -69.584023
v 10.355800 301.593689 -70.482025
v 10.355800 302.112091 -71.379921
v 10.355800 303.148987 -71.379921
v -38.053699 280.352814 -79.220825
v -41.020199 282.320099 -79.220825
v -33.169300 294.158508 -79.220825
v -30.202801 292.191193 -79.220825
v -38.053699 280.352814 -61.795921
v -30.202801 292.191193 -61.795921
v -33.169300 294.158508 -61.795921
v -41.020199 282.320099 -61.795921
v -38.096100 281.580811 -78.220825
v -31.350500 291.752411 -78.220825
v -31.350500 291.752411 -62.795921
v -38.096100 281.580811 -62.795921
v -37.672100 293.622589 -75.775024
v -42.278500 286.676605 -75.775024
v -42.278500 286.676605 -65.241722
v -37.672100 293.622589 -65.241722
v -40.467602 283.153503 -78.220825
v -33.722000 293.325104 -78.220825
v -40.467602 283.153503 -62.795921
v -33.722000 293.325104 -62.795921
v -30.755501 291.357788 -78.220825
v -37.501099 281.186188 -78.220825
v -30.755501 291.357788 -62.795921
v -37.501099 281.186188 -62.795921
v 10.355800 304.867401 -140.964035
v 10.355800 303.748993 -139.026825
v 13.601400 303.748993 -139.026825
v 13.601400 304.867401 -140.964035
v 10.355800 301.512085 -139.026810
v 13.601400 301.512085 -139.026810
v 10.355800 300.393707 -140.964020
v 13.601400 300.393707 -140.964020
v 10.355800 301.512085 -142.901108
v 13.601400 301.512085 -142.901108
v 10.355800 303.748993 -142.901123
v 13.601400 303.748993 -142.901123
v -33.789902 302.929413 -140.066010
v -33.277302 303.148987 -140.066010
v -33.383701 303.667389 -140.964035
v -34.008202 303.399902 -140.964035
v -33.353401 301.988403 -140.066010
v -33.064602 302.112091 -140.066010
v -33.135201 301.517914 -140.964020
v -32.958199 301.593689 -140.964020
v -33.353401 301.988403 -141.861908
v -33.064602 302.112091 -141.861908
v -33.789902 302.929413 -141.861908
v -33.277302 303.148987 -141.861908
v -34.224201 302.712097 -140.066010
v -34.482601 303.162506 -140.964020
v -33.707500 301.811188 -140.066010
v -33.449100 301.360809 -140.964020
v -33.707500 301.811188 -141.861908
v -34.224201 302.712097 -141.861908
v -34.663700 302.425598 -140.066010
v -34.980400 302.838013 -140.964020
v -34.030300 301.600800 -140.066010
v -33.713600 301.188507 -140.964020
v -34.030300 301.600800 -141.861908
v -34.663700 302.425598 -141.861908
v -35.088600 302.043610 -140.066010
v -35.468700 302.399109 -140.964020
v -34.328602 301.332611 -140.066010
v -33.948601 300.977112 -140.964020
v -34.328602 301.332611 -141.861908
v -35.088600 302.043610 -141.861908
v -35.478600 301.546906 -140.066010
v -35.912998 301.833099 -140.964020
v -34.609798 300.974396 -140.066010
v -34.175400 300.688202 -140.964020
v -34.609798 300.974396 -141.861908
v -35.478600 301.546906 -141.861908
v -35.820099 300.921112 -140.066010
v -36.292999 301.136810 -140.964020
v -34.874401 300.489594 -140.066010
v -34.401600 300.273895 -140.964020
v -34.874401 300.489594 -141.861908
v -35.820099 300.921112 -141.861908
v -36.107498 300.149506 -140.066010
v -36.603802 300.302399 -140.964020
v -35.115002 299.843689 -140.066010
v -34.618698 299.690796 -140.964020
v -35.115002 299.843689 -141.861908
v -36.107498 300.149506 -141.861908
v -36.338699 299.209900 -140.066010
v -36.847698 299.311005 -140.964020
v -35.320702 299.007599 -140.066010
v -34.811699 298.906494 -140.964020
v -35.320702 299.007599 -141.861908
v -36.338699 299.209900 -141.861908
v -36.511200 298.076508 -140.066010
v -37.026501 298.136597 -140.964020
v -35.480701 297.956207 -140.066010
v -34.965500 297.896088 -140.964020
v -35.480701 297.956207 -141.861908
v -36.511200 298.076508 -141.861908
v -36.621601 296.721802 -140.066010
v -37.139400 296.749908 -140.964020
v -35.585899 296.665588 -140.066010
v -35.068001 296.637604 -140.964020
v -35.585899 296.665588 -141.861908
v -36.621601 296.721802 -141.861908
v -36.664902 295.118286 -140.066010
v -37.183399 295.121307 -140.964020
v -35.627800 295.112396 -140.066010
v -35.109299 295.109406 -140.964020
v -35.627800 295.112396 -141.861908
v -36.664902 295.118286 -141.861908
v -36.635799 293.251587 -140.066010
v -37.154202 293.247589 -140.964020
v -35.598900 293.259705 -140.066010
v -35.080502 293.263702 -140.964020
v -35.598900 293.259705 -141.861908
v -36.635799 293.251587 -141.861908
v 13.601400 302.112091 -141.861908
v 13.601400 303.148987 -141.861908
v 13.601400 303.667389 -140.964035
v 13.601400 301.593689 -140.964020
v 13.601400 302.112091 -140.066010
v 13.601400 303.148987 -140.066010
v 10.355800 303.148987 -140.066010
v 10.355800 303.667389 -140.964035
v 10.355800 302.112091 -140.066010
v 10.355800 301.593689 -140.964020
v 10.355800 302.112091 -141.861908
v 10.355800 303.148987 -141.861908
v -39.422901 281.446014 -149.702820
v -42.125000 283.763092 -149.702820
v -32.878300 294.546600 -149.702820
v -30.176100 292.229492 -149.702820
v -39.422901 281.446014 -132.277817
v -30.176100 292.229492 -132.277817
v -32.878300 294.546600 -132.277817
v -42.125000 283.763092 -132.277817
v -39.313900 282.669891 -148.702820
v -31.369101 291.935211 -148.702820
v -31.369101 291.935211 -133.277817
v -39.313900 282.669891 -133.277817
v -37.412899 294.568298 -146.257019
v -42.838200 288.241302 -146.257019
v -42.838200 288.241302 -135.723709
v -37.412899 294.568298 -135.723709
v -41.474098 284.522186 -148.702820
v -33.529202 293.787506 -148.702820
v -41.474098 284.522186 -133.277817
v -33.529202 293.787506 -133.277817
v -30.827101 291.470398 -148.702820
v -38.771900 282.205200 -148.702820
v -30.827101 291.470398 -133.277817
v -38.771900 282.205200 -133.277817
v 10.355800 304.867371 -211.446030
v 10.355800 303.748962 -209.508835
v 13.601400 303.748962 -209.508835
v 13.601400 304.867371 -211.446030
v 10.355800 301.512054 -209.508820
v 13.601400 301.512054 -209.508820
v 10.355800 300.393677 -211.446014
v 13.601400 300.393677 -211.446014
v 10.355800 301.512054 -213.383118
v 13.601400 301.512054 -213.383118
v 10.355800 303.748962 -213.383133
v 13.601400 303.748962 -213.383133
v -33.789902 302.929382 -210.548019
v -33.277302 303.148956 -210.548019
v -33.383701 303.667358 -211.446030
v -34.008202 303.399872 -211.446030
v -33.353401 301.988373 -210.548019
v -33.064602 302.112061 -210.548019
v -33.135201 301.517883 -211.446014
v -32.958199 301.593658 -211.446014
v -33.353401 301.988373 -212.343918
v -33.064602 302.112061 -212.343918
v -33.789902 302.929382 -212.343918
v -33.277302 303.148956 -212.343918
v -34.224201 302.712067 -210.548019
v -34.482601 303.162476 -211.446014
v -33.707500 301.811157 -210.548019
v -33.449100 301.360779 -211.446014
v -33.707500 301.811157 -212.343918
v -34.224201 302.712067 -212.343918
v -34.663700 302.425568 -210.548019
v -34.980400 302.837982 -211.446014
v -34.030300 301.600769 -210.548019
v -33.713600 301.188477 -211.446014
v -34.030300 301.600769 -212.343918
v -34.663700 302.425568 -212.343918
v -35.088600 302.043579 -210.548019
v -35.468700 302.399078 -211.446014
v -34.328602 301.332581 -210.548019
v -33.948601 300.977081 -211.446014
v -34.328602 301.332581 -212.343918
v -35.088600 302.043579 -212.343918
v -35.478600 301.546875 -210.548019
v -35.912998 301.833069 -211.446014
v -34.609798 300.974365 -210.548019
v -34.175400 300.688171 -211.446014
v -34.609798 300.974365 -212.343918
v -35.478600 301.546875 -212.343918
v -35.820099 300.921082 -210.548019
v -36.292999 301.136780 -211.446014
v -34.874401 300.489563 -210.548019
v -34.401600 300.273865 -211.446014
v -34.874401 300.489563 -212.343918
v -35.820099 300.921082 -212.343918
v -36.107498 300.149475 -210.548019
v -36.603802 300.302368 -211.446014
v -35.115002 299.843658 -210.548019
v -34.618698 299.690765 -211.446014
v -35.115002 299.843658 -212.343918
v -36.107498 300.149475 -212.343918
v -36.338699 299.209869 -210.548019
v -36.847698 299.310974 -211.446014
v -35.320702 299.007568 -210.548019
v -34.811699 298.906464 -211.446014
v -35.320702 299.007568 -212.343918
v -36.338699 299.209869 -212.343918
v -36.511200 298.076477 -210.548019
v -37.026501 298.136566 -211.446014
v -35.480701 297.956177 -210.548019
v -34.965500 297.896057 -211.446014
v -35.480701 297.956177 -212.343918
v -36.511200 298.076477 -212.343918
v -36.621601 296.721771 -210.548019
v -37.139400 296.749878 -211.446014
v -35.585899 296.665558 -210.548019
v -35.068001 296.637573 -211.446014
v -35.585899 296.665558 -212.343918
v -36.621601 296.721771 -212.343918
v -36.664902 295.118256 -210.548019
v -37.183399 295.121277 -211.446014
v -35.627800 295.112366 -210.548019
v -35.109299 295.109375 -211.446014
v -35.627800 295.112366 -212.343918
v -36.664902 295.118256 -212.343918
v -36.635799 293.251556 -210.548019
v -37.154202 293.247559 -211.446014
v -35.598900 293.259674 -210.548019
v -35.080502 293.263672 -211.446014
v -35.598900 293.259674 -212.343918
v -36.635799 293.251556 -212.343918
v 13.601400 302.112183 -212.343918
v 13.601400 303.148956 -212.343918
v 13.601400 303.667358 -211.446030
v 13.601400 301.593658 -211.446014
v 13.601400 302.112183 -210.548019
v 13.601400 303.148956 -210.548019
v 10.355800 303.148956 -210.548019
v 10.355800 303.667358 -211.446030
v 10.355800 302.112183 -210.548019
v 10.355800 301.593658 -211.446014
v 10.355800 302.112183 -212.343918
v 10.355800 303.148956 -212.343918
v -38.053699 280.352783 -220.184814
v -41.020199 282.320068 -220.184814
v -33.169300 294.158478 -220.184814
v -30.202801 292.191162 -220.184814
v -38.053699 280.352783 -202.759811
v -30.202801 292.191162 -202.759811
v -33.169300 294.158478 -202.759811
v -41.020199 282.320068 -202.759811
v -38.096100 281.580780 -219.184814
v -31.350500 291.752380 -219.184814
v -31.350500 291.752380 -203.759811
v -38.096100 281.580780 -203.759811
v -37.672100 293.622559 -216.739014
v -42.278500 286.676575 -216.739014
v -42.278500 286.676575 -206.205719
v -37.672100 293.622559 -206.205719
v -40.467602 283.153473 -219.184814
v -33.722000 293.325073 -219.184814
v -40.467602 283.153473 -203.759811
v -33.722000 293.325073 -203.759811
v -30.755501 291.357758 -219.184814
v -37.501099 281.186157 -219.184814
v -30.755501 291.357758 -203.759811
v -37.501099 281.186157 -203.759811
v 10.355800 304.867371 -281.927917
v 10.355800 303.748962 -279.990845
v 13.601400 303.748962 -279.990845
v 13.601400 304.867371 -281.927917
v 10.355800 301.512054 -279.990845
v 13.601400 301.512054 -279.990845
v 10.355800 300.393677 -281.927917
v 13.601400 300.393677 -281.927917
v 10.355800 301.512054 -283.865143
v 13.601400 301.512054 -283.865143
v 10.355800 303.748962 -283.865143
v 13.601400 303.748962 -283.865143
v -33.789902 302.929382 -281.030029
v -33.277302 303.148956 -281.030029
v -33.383701 303.667358 -281.927917
v -34.008202 303.399872 -281.927917
v -33.353401 301.988373 -281.030029
v -33.064602 302.112061 -281.030029
v -33.135201 301.517883 -281.927917
v -32.958199 301.593658 -281.927917
v -33.353401 301.988373 -282.825928
v -33.064602 302.112061 -282.825928
v -33.789902 302.929382 -282.825928
v -33.277302 303.148956 -282.825928
v -34.224201 302.712067 -281.030029
v -34.482601 303.162476 -281.927917
v -33.707500 301.811157 -281.030029
v -33.449100 301.360779 -281.927917
v -33.707500 301.811157 -282.825928
v -34.224201 302.712067 -282.825928
v -34.663700 302.425568 -281.030029
v -34.980400 302.837982 -281.927917
v -34.030300 301.600769 -281.030029
v -33.713600 301.188477 -281.927917
v -34.030300 301.600769 -282.825928
v -34.663700 302.425568 -282.825928
v -35.088600 302.043579 -281.030029
v -35.468700 302.399078 -281.927917
v -34.328602 301.332581 -281.030029
v -33.948601 300.977081 -281.927917
v -34.328602 301.332581 -282.825928
v -35.088600 302.043579 -282.825928
v -35.478600 301.546875 -281.030029
v -35.912998 301.833069 -281.927917
v -34.609798 300.974365 -281.030029
v -34.175400 300.688171 -281.927917
v -34.609798 300.974365 -282.825928
v -35.478600 301.546875 -282.825928
v -35.820099 300.921082 -281.030029
v -36.292999 301.136780 -281.927917
v -34.874401 300.489563 -281.030029
v -34.401600 300.273865 -281.927917
v -34.874401 300.489563 -282.825928
v -35.820099 300.921082 -282.825928
v -36.107498 300.149475 -281.030029
v -36.603802 300.302368 -281.927917
v -35.115002 299.843658 -281.030029
v -34.618698 299.690765 -281.927917
v -35.115002 299.843658 -282.825928
v -36.107498 300.149475 -282.825928
v -36.338699 299.209869 -281.030029
v -36.847698 299.310974 -281.927917
v -35.320702 299.007568 -281.030029
v -34.811699 298.906464 -281.927917
v -35.320702 299.007568 -282.825928
v -36.338699 299.209869 -282.825928
v -36.511200 298.076477 -281.030029
v -37.026501 298.136566 -281.927917
v -35.480701 297.956177 -281.030029
v -34.965500 297.896057 -281.927917
v -35.480701 297.956177 -282.825928
v -36.511200 298.076477 -282.825928
v -36.621601 296.721771 -281.030029
v -37.139400 296.749878 -281.927917
v -35.585899 296.665558 -281.030029
v -35.068001 296.637573 -281.927917
v -35.585899 296.665558 -282.825928
v -36.621601 296.721771 -282.825928
v -36.664902 295.118256 -281.030029
v -37.183399 295.121277 -281.927917
v -35.627800 295.112366 -281.030029
v -35.109299 295.109375 -281.927917
v -35.627800 295.112366 -282.825928
v -36.664902 295.118256 -282.825928
v -36.635799 293.251556 -281.030029
v -37.154202 293.247559 -281.927917
v -35.598900 293.259674 -281.030029
v -35.080502 293.263672 -281.927917
v -35.598900 293.259674 -282.825928
v -36.635799 293.251556 -282.825928
v 13.601400 302.112183 -282.825928
v 13.601400 303.148956 -282.825928
v 13.601400 303.667358 -281.927917
v 13.601400 301.593658 -281.927917
v 13.601400 302.112183 -281.030029
v 13.601400 303.148956 -281.030029
v 10.355800 303.148956 -281.030029
v 10.355800 303.667358 -281.927917
v 10.355800 302.112183 -281.030029
v 10.355800 301.593658 -281.927917
v 10.355800 302.112183 -282.825928
v 10.355800 303.148956 -282.825928
v -34.698200 281.528076 -290.666840
v -38.050598 282.724670 -290.666840
v -33.275299 296.103058 -290.666840
v -29.922899 294.906464 -290.666840
v -34.698200 281.528076 -273.241821
v -29.922899 294.906464 -273.241821
v -33.275299 296.103058 -273.241821
v -38.050598 282.724670 -273.241821
v -35.034500 282.709961 -289.666840
v -30.931499 294.204681 -289.666840
v -30.931499 294.204681 -274.241821
v -35.034500 282.709961 -274.241821
v -37.517300 294.500580 -287.220917
v -40.319099 286.651062 -287.220917
v -40.319099 286.651062 -276.687744
v -37.517300 294.500580 -276.687744
v -37.714500 283.666473 -289.666840
v -33.611500 295.161255 -289.666840
v -37.714500 283.666473 -274.241821
v -33.611500 295.161255 -274.241821
v -30.259100 293.964661 -289.666840
v -34.362099 282.469879 -289.666840
v -30.259100 293.964661 -274.241821
v -34.362099 282.469879 -274.241821
v 10.355800 304.867371 -352.409943
v 10.355800 303.748962 -350.472839
v 13.601400 303.748962 -350.472839
v 13.601400 304.867371 -352.409943
v 10.355800 301.512054 -350.472839
v 13.601400 301.512054 -350.472839
v 10.355800 300.393677 -352.409943
v 13.601400 300.393677 -352.409943
v 10.355800 301.512054 -354.347137
v 13.601400 301.512054 -354.347137
v 10.355800 303.748962 -354.347137
v 13.601400 303.748962 -354.347137
v -33.789902 302.929382 -351.512024
v -33.277302 303.148956 -351.512024
v -33.383701 303.667358 -352.409943
v -34.008202 303.399872 -352.409943
v -33.353401 301.988373 -351.512024
v -33.064602 302.112061 -351.512024
v -33.135201 301.517883 -352.409943
v -32.958199 301.593658 -352.409943
v -33.353401 301.988373 -353.307922
v -33.064602 302.112061 -353.307922
v -33.789902 302.929382 -353.307922
v -33.277302 303.148956 -353.307922
v -34.224201 302.712067 -351.512024
v -34.482601 303.162476 -352.409943
v -33.707500 301.811157 -351.512024
v -33.449100 301.360779 -352.409943
v -33.707500 301.811157 -353.307922
v -34.224201 302.712067 -353.307922
v -34.663700 302.425568 -351.512024
v -34.980400 302.837982 -352.409943
v -34.030300 301.600769 -351.512024
v -33.713600 301.188477 -352.409943
v -34.030300 301.600769 -353.307922
v -34.663700 302.425568 -353.307922
v -35.088600 302.043579 -351.512024
v -35.468700 302.399078 -352.409943
v -34.328602 301.332581 -351.512024
v -33.948601 300.977081 -352.409943
v -34.328602 301.332581 -353.307922
v -35.088600 302.043579 -353.307922
v -35.478600 301.546875 -351.512024
v -35.912998 301.833069 -352.409943
v -34.609798 300.974365 -351.512024
v -34.175400 300.688171 -352.409943
v -34.609798 300.974365 -353.307922
v -35.478600 301.546875 -353.307922
v -35.820099 300.921082 -351.512024
v -36.292999 301.136780 -352.409943
v -34.874401 300.489563 -351.512024
v -34.401600 300.273865 -352.409943
v -34.874401 300.489563 -353.307922
v -35.820099 300.921082 -353.307922
v -36.107498 300.149475 -351.512024
v -36.603802 300.302368 -352.409943
v -35.115002 299.843658 -351.512024
v -34.618698 299.690765 -352.409943
v -35.115002 299.843658 -353.307922
v -36.107498 300.149475 -353.307922
v -36.338699 299.209869 -351.512024
v -36.847698 299.310974 -352.409943
v -35.320702 299.007568 -351.512024
v -34.811699 298.906464 -352.409943
v -35.320702 299.007568 -353.307922
v -36.338699 299.209869 -353.307922
v -36.511200 298.076477 -351.512024
v -37.026501 298.136566 -352.409943
v -35.480701 297.956177 -351.512024
v -34.965500 297.896057 -352.409943
v -35.480701 297.956177 -353.307922
v -36.511200 298.076477 -353.307922
v -36.621601 296.721771 -351.512024
v -37.139400 296.749878 -352.409943
v -35.585899 296.665558 -351.512024
v -35.068001 296.637573 -352.409943
v -35.585899 296.665558 -353.307922
v -36.621601 296.721771 -353.307922
v -36.664902 295.118256 -351.512024
v -37.183399 295.121277 -352.409943
v -35.627800 295.112366 -351.512024
v -35.109299 295.109375 -352.409943
v -35.627800 295.112366 -353.307922
v -36.664902 295.118256 -353.307922
v -36.635799 293.251556 -351.512024
v -37.154202 293.247559 -352.409943
v -35.598900 293.259674 -351.512024
v -35.080502 293.263672 -352.409943
v -35.598900 293.259674 -353.307922
v -36.635799 293.251556 -353.307922
v 13.601400 302.112183 -353.307922
v 13.601400 303.148956 -353.307922
v 13.601400 303.667358 -352.409943
v 13.601400 301.593658 -352.409943
v 13.601400 302.112183 -351.512024
v 13.601400 303.148956 -351.512024
v 10.355800 303.148956 -351.512024
v 10.355800 303.667358 -352.409943
v 10.355800 302.112183 -351.512024
v 10.355800 301.593658 -352.409943
v 10.355800 302.112183 -353.307922
v 10.355800 303.148956 -353.307922
v -38.053699 280.352783 -361.148834
v -41.020199 282.320068 -361.148834
v -33.169300 294.158478 -361.148834
v -30.202801 292.191162 -361.148834
v -38.053699 280.352783 -343.723816
v -30.202801 292.191162 -343.723816
v -33.169300 294.158478 -343.723816
v -41.020199 282.320068 -343.723816
v -38.096100 281.580780 -360.148834
v -31.350500 291.752380 -360.148834
v -31.350500 291.752380 -344.723816
v -38.096100 281.580780 -344.723816
v -37.672100 293.622559 -357.702942
v -42.278500 286.676575 -357.702942
v -42.278500 286.676575 -347.169617
v -37.672100 293.622559 -347.169617
v -40.467602 283.153473 -360.148834
v -33.722000 293.325073 -360.148834
v -40.467602 283.153473 -344.723816
v -33.722000 293.325073 -344.723816
v -30.755501 291.357758 -360.148834
v -37.501099 281.186157 -360.148834
v -30.755501 291.357758 -344.723816
v -37.501099 281.186157 -344.723816
v 76.808601 145.925095 -97.603310
vn -0.0000 -0.7071 0.7071
vn -0.0000 0.7071 0.7071
vn -0.5774 0.5774 0.5774
vn -0.5774 -0.5774 0.5774
vn -0.5774 0.5774 -0.5774
vn -0.0000 0.7071 -0.7071
vn -0.0000 -0.7071 -0.7071
vn -0.5774 -0.5774 -0.5774
vn 1.0000 -0.0000 -0.0000
vn 0.0889 0.9957 -0.0250
vn 0.0603 0.6752 -0.7352
vn 0.0532 0.7183 -0.6937
vn 0.0077 1.0000 -0.0022
vn -0.0000 1.0000 -0.0000
vn 0.0071 1.0000 0.0016
vn 0.0049 0.6861 0.7275
vn 0.0052 0.7272 0.6865
vn -0.0000 -0.0000 -1.0000
vn 0.1900 0.9803 0.0533
vn 0.1933 0.9811 -0.0000
vn -0.0000 -0.0000 1.0000
vn -0.0971 -0.9948 -0.0290
vn -0.0000 -1.0000 0.0002
vn 0.1918 0.9811 0.0261
vn 0.1918 0.9811 -0.0256
vn -0.0000 -1.0000 -0.0000
vn 0.1927 0.9812 0.0099
vn 0.1928 0.9812 -0.0098
vn 0.1928 0.9812 0.0084
vn 0.1928 0.9812 -0.0083
vn 0.0045 -0.9972 0.0748
vn -0.1933 -0.9811 -0.0000
vn -0.0000 0.2919 -0.9564
vn 0.1928 0.9812 0.0091
vn 0.1928 0.9812 -0.0090
vn -0.0671 -0.7253 0.6851
vn -0.0621 -0.6842 0.7266
vn -0.1305 -0.7250 -0.6762
vn -0.1020 -0.6859 -0.7205
vn -0.1772 -0.9839 0.0247
vn -0.0474 -0.9989 0.0066
vn -0.3095 -0.9509 -0.0000
vn -1.0000 -0.0000 -0.0000
vn 0.2873 -0.9578 -0.0137
vn 0.2964 -0.9550 -0.0138
vn -0.7259 -0.0000 0.6878
vn -0.7259 -0.0000 -0.6878
vn -0.7259 -0.6878 -0.0000
vn 0.7259 0.6878 -0.0000
vn 0.7259 -0.0000 0.6878
vn 0.7259 -0.0000 -0.6878
vn 0.7259 -0.6878 -0.0000
vn -0.7259 0.6878 -0.0000
vn -0.5773 -0.5774 -0.5774
vn 0.5773 -0.5773 -0.5774
vn 0.5774 -0.5774 0.5774
vn 0.8944 -0.0000 0.4472
vn -0.7071 -0.0000 0.7071
vn 0.7071 -0.0000 -0.7071
vn -0.4472 -0.0000 -0.8944
vn -0.0000 -0.9669 0.2551
vn -0.0000 0.9669 -0.2551
vn -0.0000 -0.9737 0.2276
vn -0.7071 -0.7071 -0.0000
vn 0.7071 -0.7071 -0.0000
vn 0.7071 0.7071 -0.0000
vn 0.5774 0.5774 -0.5774
vn -0.0000 0.1556 0.9878
vn 0.5774 -0.5774 -0.5773
vn 0.5773 0.5774 -0.5774
vn -0.0000 0.9679 -0.2513
vn -0.0000 -0.9679 0.2513
vn -0.0000 0.4472 0.8944
vn 0.5774 0.5774 0.5774
vn 0.5773 0.5773 -0.5774
vn -0.0000 0.8063 -0.5916
vn 0.7071 -0.0000 0.7071
vn -0.7071 -0.0000 -0.7071
vn -0.3162 -0.0000 0.9487
vn -0.4996 -0.0000 -0.8662
vn 0.9138 0.4061 -0.0000
vn 0.0312 0.9887 -0.1465
vn -0.0000 0.1948 0.9808
vn 0.0282 -0.9803 0.1957
vn -0.0000 -0.9808 0.1948
vn 1.0000 -0.0001 -0.0000
vn 1.0000 0.0001 -0.0000
vn -0.0257 -0.3624 0.9317
vn -0.0257 0.3624 -0.9317
vn -0.0435 -0.9699 -0.2397
vn -0.0435 0.9699 0.2396
vn -0.0473 -0.8784 -0.4755
vn -0.0000 0.9669 0.2551
vn -0.0000 -0.9669 -0.2551
vn -0.0000 0.9954 -0.0957
vn -0.0000 -0.9954 -0.0957
vn -0.0000 0.9737 0.2276
vn -0.0000 -0.0598 -0.9982
vn 0.0411 -0.9989 -0.0243
vn -0.0000 0.1556 -0.9878
vn -0.0000 -0.9679 -0.2513
vn -0.0000 0.9679 0.2513
vn -0.0000 0.9958 0.0917
vn -0.0000 -0.9958 0.0917
vn 0.0312 -0.9887 -0.1465
vn -0.0000 -0.0748 -0.9972
vn -0.0000 -0.0748 0.9972
vn -0.0000 0.1948 -0.9808
vn -0.0000 0.9948 -0.1021
vn -0.0000 -0.9948 -0.1022
vn 0.0282 0.9803 0.1957
vn -0.0000 0.9964 -0.0852
vn -0.0000 -0.9964 -0.0852
vn -0.0000 0.9808 0.1948
vn -0.0027 -0.5868 -0.8098
vn -0.0257 -0.3624 -0.9317
vn -0.0000 0.0001 -1.0000
vn -0.0257 0.3624 0.9317
vn -0.0435 0.9699 -0.2397
vn -0.0435 -0.9699 0.2397
vn -0.0474 0.8784 -0.4756
vn -0.0746 -0.9972 -0.0000
vn -0.0746 -0.0000 0.9972
vn -0.0746 0.9972 -0.0000
vn -0.0746 -0.0000 -0.9972
vn -0.0331 -0.9566 0.2896
vn -0.8286 0.3705 0.4197
vn -0.8286 0.3705 -0.4197
vn -0.8286 -0.3705 -0.4197
vn -0.8286 -0.3705 0.4197
vn -0.3686 -0.6990 -0.6128
vn 0.7404 -0.3822 -0.5529
vn 0.7404 -0.3822 0.5529
vn -0.3686 -0.6990 0.6128
vn -0.9433 -0.3319 -0.0000
vn -0.3353 0.9421 -0.0000
vn -0.6277 -0.4548 0.6319
vn -0.6277 -0.4548 -0.6319
vn 0.7882 0.5860 0.1879
vn 0.7882 0.5860 -0.1879
vn -1.0000 -0.0037 -0.0000
vn -0.7821 -0.6232 -0.0000
vn 1.0000 -0.0020 -0.0000
vn 0.7775 0.6288 -0.0000
vn -0.7071 0.7071 -0.0000
vn 0.3393 -0.0000 -0.9407
vn 0.3393 -0.0000 0.9407
vn 0.2471 -0.6852 -0.6852
vn 0.2471 0.6851 -0.6852
vn 0.2471 0.6851 0.6852
vn 0.2471 -0.6852 0.6852
vn 0.2471 -0.6852 -0.6851
vn 0.2471 -0.6852 0.6851
vn 0.3392 -0.0000 -0.9407
vn 0.3392 -0.0000 0.9407
vn 0.2472 -0.6852 -0.6851
vn 0.2470 0.6852 0.6852
vn -0.0000 -0.2919 -0.9564
vn -0.0000 -0.2919 0.9564
vn -0.0000 1.0000 0.0002
vn 0.2942 0.4980 -0.8157
vn 0.2942 0.4980 0.8157
vn 0.2942 0.4981 0.8157
vn -0.0000 0.5000 0.8660
vn -0.0000 -0.5000 0.8660
vn -0.0000 -0.5000 -0.8660
vn -0.0000 0.5000 -0.8660
vn -0.2133 0.4599 0.8620
vn -0.1088 0.5302 0.8409
vn -0.2010 0.9796 -0.0000
vn -0.4208 0.9072 -0.0000
vn 0.2074 -0.4470 0.8701
vn 0.0894 -0.4359 0.8955
vn 0.4208 -0.9072 -0.0000
vn 0.2009 -0.9796 -0.0000
vn 0.2074 -0.4470 -0.8702
vn 0.0894 -0.4359 -0.8955
vn -0.2133 0.4598 -0.8620
vn -0.1088 0.5302 -0.8409
vn -0.2553 0.4450 0.8584
vn -0.4976 0.8674 -0.0000
vn 0.2418 -0.4215 0.8740
vn 0.4975 -0.8674 -0.0000
vn 0.2418 -0.4215 -0.8740
vn -0.2553 0.4450 -0.8584
vn -0.3152 0.4104 0.8557
vn -0.6091 0.7931 -0.0000
vn 0.2927 -0.3811 0.8770
vn 0.6091 -0.7931 -0.0000
vn 0.2927 -0.3811 -0.8770
vn -0.3152 0.4104 -0.8557
vn -0.3793 0.3548 0.8546
vn -0.7303 0.6832 -0.0000
vn 0.3492 -0.3266 0.8783
vn 0.7304 -0.6831 -0.0000
vn 0.3492 -0.3266 -0.8783
vn -0.3793 0.3548 -0.8546
vn -0.4331 0.2853 0.8550
vn -0.8351 0.5502 -0.0000
vn 0.4001 -0.2636 0.8778
vn 0.8350 -0.5502 -0.0000
vn 0.4000 -0.2636 -0.8778
vn -0.4331 0.2853 -0.8550
vn -0.4696 0.2143 0.8565
vn -0.9098 0.4151 -0.0000
vn 0.4386 -0.2001 0.8761
vn 0.9098 -0.4151 -0.0000
vn 0.4386 -0.2001 -0.8761
vn -0.4696 0.2143 -0.8565
vn -0.4904 0.1511 0.8583
vn -0.9557 0.2945 -0.0000
vn 0.4642 -0.1430 0.8741
vn 0.9557 -0.2945 -0.0000
vn 0.4641 -0.1430 -0.8741
vn -0.4904 0.1511 -0.8583
vn -0.5006 0.0995 0.8599
vn -0.9808 0.1949 -0.0000
vn 0.4795 -0.0953 0.8723
vn 0.9808 -0.1949 -0.0000
vn 0.4795 -0.0953 -0.8723
vn -0.5006 0.0995 -0.8599
vn -0.5047 0.0589 0.8613
vn -0.9933 0.1159 -0.0000
vn 0.4882 -0.0570 0.8709
vn 0.9933 -0.1159 -0.0000
vn 0.4882 -0.0570 -0.8709
vn -0.5047 0.0589 -0.8613
vn -0.5056 0.0274 0.8623
vn -0.9985 0.0541 -0.0000
vn 0.4927 -0.0267 0.8698
vn 0.9985 -0.0541 -0.0000
vn 0.4927 -0.0267 -0.8698
vn -0.5056 0.0274 -0.8623
vn -0.5050 0.0029 0.8631
vn -1.0000 0.0057 -0.0000
vn 0.4949 -0.0028 0.8690
vn 1.0000 -0.0057 -0.0000
vn 0.4948 -0.0028 -0.8690
vn -0.5050 0.0029 -0.8631
vn -0.4981 -0.0078 0.8671
vn -0.9999 -0.0156 -0.0000
vn 0.5018 0.0078 0.8649
vn 0.9999 0.0156 -0.0000
vn 0.5018 0.0078 -0.8649
vn -0.4981 -0.0078 -0.8671
vn -0.3908 -0.5893 -0.7071
vn 0.3908 0.5893 -0.7071
vn -0.3908 -0.5893 0.7071
vn 0.3908 0.5893 0.7071
vn 0.8334 -0.5527 -0.0000
vn -0.8334 0.5527 -0.0000
vn -0.8334 0.5526 -0.0000
vn -0.4814 0.3192 -0.8163
vn -0.8894 -0.4572 -0.0000
vn -0.4814 0.3192 0.8163
vn 0.0751 0.9972 -0.0000
vn 0.8334 -0.5526 -0.0000
vn -0.5527 -0.8334 -0.0000
vn 0.5527 0.8334 -0.0000
vn 0.2073 -0.4470 -0.8702
vn 0.2927 -0.3811 0.8769
vn -0.4603 -0.5368 -0.7071
vn 0.4603 0.5368 -0.7071
vn -0.4603 -0.5368 0.7071
vn 0.4603 0.5368 0.7071
vn 0.7591 -0.6509 -0.0000
vn -0.7591 0.6509 -0.0000
vn -0.4385 0.3760 -0.8163
vn -0.9388 -0.3443 -0.0000
vn -0.4385 0.3760 0.8163
vn 0.1971 0.9804 -0.0000
vn 0.7591 -0.6510 -0.0000
vn -0.6510 -0.7591 -0.0000
vn 0.6509 0.7592 -0.0000
vn 0.4976 -0.8674 -0.0000
vn -0.7303 0.6831 -0.0000
vn 0.7303 -0.6831 -0.0000
vn -0.4814 0.3193 0.8163
vn -0.2133 0.4598 0.8620
vn 0.2074 -0.4470 0.8702
vn 0.2073 -0.4470 -0.8701
vn -0.2133 0.4599 -0.8620
vn -0.1088 0.5302 -0.8408
vn 0.4000 -0.2636 0.8778
vn 0.4641 -0.1430 0.8741
vn 0.4642 -0.1430 -0.8741
vn 0.4796 -0.0953 -0.8723
vn 0.4948 -0.0028 0.8690
vn 0.4949 -0.0028 -0.8690
vn -0.2377 -0.6660 -0.7071
vn 0.2377 0.6660 -0.7071
vn -0.2377 -0.6660 0.7071
vn 0.2377 0.6660 0.7071
vn 0.9418 -0.3362 -0.0000
vn -0.9418 0.3362 -0.0000
vn -0.9418 0.3361 -0.0000
vn -0.5440 0.1942 -0.8163
vn -0.7534 -0.6575 -0.0000
vn -0.5440 0.1942 0.8163
vn -0.1668 0.9860 -0.0000
vn 0.9418 -0.3361 -0.0000
vn -0.3362 -0.9418 -0.0000
vn 0.3363 0.9418 -0.0000
vn -0.4208 0.9071 -0.0000
vn 0.2073 -0.4470 0.8702
vn 0.2074 -0.4470 -0.8701
vn -0.4814 0.3193 -0.8163
vt 0.050599 0.110690
vt 0.050599 0.112847
vt 0.038015 0.014204
vt 0.038015 0.012046
vt 0.031363 0.032460
vt 0.030187 0.032460
vt 0.030187 0.022863
vt 0.031363 0.022863
vt 0.039247 0.057361
vt 0.052227 0.155609
vt 0.050069 0.155609
vt 0.037090 0.057361
vt 0.119073 0.211077
vt 0.119073 0.213697
vt 0.118445 0.213697
vt 0.118445 0.211077
vt 0.121926 0.283452
vt 0.122197 0.283452
vt 0.122197 0.280604
vt 0.121921 0.283452
vt 0.121780 0.283452
vt 0.121776 0.283452
vt 0.121015 0.283452
vt 0.121011 0.283452
vt 0.120845 0.283452
vt 0.120841 0.283452
vt 0.120716 0.283452
vt 0.120712 0.283452
vt 0.120546 0.283452
vt 0.120542 0.283452
vt 0.119898 0.283452
vt 0.119894 0.283452
vt 0.119716 0.283452
vt 0.119711 0.283452
vt 0.119467 0.283452
vt 0.119463 0.283452
vt 0.119314 0.283452
vt 0.119310 0.283452
vt 0.118608 0.283452
vt 0.118603 0.283452
vt 0.118473 0.283452
vt 0.118469 0.283452
vt 0.118123 0.283452
vt 0.118123 0.280604
vt 0.980829 0.892012
vt 0.141520 0.892012
vt 0.141520 0.052703
vt 0.980829 0.052703
vt 0.104467 0.225843
vt 0.104467 0.206801
vt 0.104631 0.209219
vt 0.104631 0.224116
vt 0.104714 0.207023
vt 0.104714 0.209293
vt 0.104714 0.226548
vt 0.104714 0.245590
vt 0.104549 0.243568
vt 0.104549 0.228670
vt 0.104467 0.245428
vt 0.104467 0.243553
vt 0.116616 0.270564
vt 0.115885 0.270564
vt 0.115875 0.270552
vt 0.115885 0.261133
vt 0.115875 0.261144
vt 0.116616 0.261133
vt 0.116626 0.261144
vt 0.116626 0.270552
vt 0.115885 0.272001
vt 0.116616 0.272001
vt 0.119600 0.278391
vt 0.119600 0.276516
vt 0.120175 0.277034
vt 0.120175 0.278908
vt 0.116616 0.259946
vt 0.115885 0.259946
vt 0.119564 0.223371
vt 0.119564 0.225991
vt 0.118267 0.225991
vt 0.118267 0.223371
vt 0.119410 0.239240
vt 0.119410 0.241511
vt 0.119246 0.241363
vt 0.119246 0.239093
vt 0.120591 0.278391
vt 0.120591 0.276516
vt 0.120755 0.276664
vt 0.120755 0.278539
vt 0.116758 0.258270
vt 0.115886 0.258270
vt 0.115876 0.258258
vt 0.115886 0.248839
vt 0.115876 0.248850
vt 0.116758 0.248839
vt 0.116768 0.248850
vt 0.116768 0.258258
vt 0.115886 0.259707
vt 0.116758 0.259707
vt 0.116758 0.247652
vt 0.115886 0.247652
vt 0.118404 0.264222
vt 0.121024 0.264222
vt 0.121024 0.267612
vt 0.118404 0.267612
vt 0.118981 0.191076
vt 0.118980 0.193274
vt 0.118471 0.192849
vt 0.118471 0.190651
vt 0.120137 0.225245
vt 0.120137 0.223371
vt 0.120630 0.223814
vt 0.120630 0.225689
vt 0.117840 0.217418
vt 0.117029 0.217418
vt 0.117019 0.217407
vt 0.117029 0.207987
vt 0.117019 0.207999
vt 0.117840 0.207987
vt 0.117850 0.207999
vt 0.117850 0.217407
vt 0.117029 0.218855
vt 0.117840 0.218855
vt 0.117840 0.206801
vt 0.117029 0.206801
vt 0.119044 0.239093
vt 0.119044 0.241713
vt 0.118370 0.241713
vt 0.118370 0.239093
vt 0.116400 0.218855
vt 0.116400 0.217418
vt 0.117009 0.217418
vt 0.117009 0.218855
vt 0.121301 0.206435
vt 0.121301 0.204561
vt 0.121384 0.204635
vt 0.121383 0.206509
vt 0.116379 0.217418
vt 0.115570 0.217418
vt 0.115560 0.217407
vt 0.115570 0.207987
vt 0.115560 0.207999
vt 0.116379 0.207987
vt 0.116390 0.207999
vt 0.116390 0.217407
vt 0.115570 0.218855
vt 0.116379 0.218855
vt 0.116379 0.206801
vt 0.115570 0.206801
vt 0.118283 0.230602
vt 0.120903 0.230602
vt 0.120903 0.234603
vt 0.118283 0.234603
vt 0.122693 0.276637
vt 0.122693 0.278907
vt 0.122035 0.278316
vt 0.122035 0.276045
vt 0.119604 0.192526
vt 0.119604 0.190651
vt 0.120180 0.191169
vt 0.120180 0.193043
vt 0.117690 0.258270
vt 0.117000 0.258270
vt 0.116990 0.258258
vt 0.117000 0.248839
vt 0.116990 0.248850
vt 0.117690 0.248839
vt 0.117701 0.248850
vt 0.117701 0.258258
vt 0.117000 0.259707
vt 0.117690 0.259707
vt 0.117690 0.247652
vt 0.117000 0.247652
vt 0.118976 0.276516
vt 0.118976 0.279136
vt 0.118491 0.279136
vt 0.118491 0.276516
vt 0.104467 0.226326
vt 0.104467 0.228596
vt 0.106728 0.280413
vt 0.109348 0.280413
vt 0.109348 0.284109
vt 0.106728 0.284109
vt 0.121387 0.198136
vt 0.121387 0.200406
vt 0.120811 0.199889
vt 0.120811 0.197619
vt 0.117728 0.259946
vt 0.117728 0.261133
vt 0.117093 0.261133
vt 0.117093 0.259946
vt 0.117728 0.270564
vt 0.117093 0.270564
vt 0.117083 0.270552
vt 0.117083 0.261144
vt 0.117738 0.261144
vt 0.117738 0.270552
vt 0.117093 0.272001
vt 0.117728 0.272001
vt 0.104714 0.226124
vt 0.104714 0.224250
vt 0.120476 0.193513
vt 0.120476 0.197587
vt 0.120607 0.197587
vt 0.120610 0.197587
vt 0.115664 0.247670
vt 0.115664 0.261813
vt 0.115429 0.261831
vt 0.111759 0.261831
vt 0.111759 0.247652
vt 0.115429 0.247652
vt 0.120610 0.193513
vt 0.120607 0.193513
vt 0.111526 0.275911
vt 0.111526 0.276182
vt 0.111526 0.276185
vt 0.111526 0.275909
vt 0.115664 0.262050
vt 0.115664 0.276193
vt 0.115429 0.276211
vt 0.111759 0.276211
vt 0.111759 0.262032
vt 0.115429 0.262032
vt 0.120337 0.241828
vt 0.120337 0.241557
vt 0.120337 0.241555
vt 0.120337 0.241830
vt 0.104915 0.240487
vt 0.104915 0.226343
vt 0.105150 0.226326
vt 0.108820 0.226326
vt 0.108820 0.240505
vt 0.105150 0.240505
vt 0.121426 0.191640
vt 0.121426 0.192356
vt 0.121426 0.192358
vt 0.121426 0.191638
vt 0.117032 0.226343
vt 0.117032 0.240487
vt 0.116797 0.240505
vt 0.113127 0.240505
vt 0.113127 0.226326
vt 0.116797 0.226326
vt 0.121426 0.193277
vt 0.121426 0.192562
vt 0.121426 0.192559
vt 0.121426 0.193280
vt 0.105855 0.200536
vt 0.105855 0.186393
vt 0.106090 0.186375
vt 0.109760 0.186375
vt 0.109760 0.200554
vt 0.106090 0.200554
vt 0.121430 0.197417
vt 0.120822 0.197417
vt 0.120811 0.197182
vt 0.120811 0.193513
vt 0.121440 0.193513
vt 0.121440 0.197182
vt 0.117972 0.186393
vt 0.117972 0.200536
vt 0.117737 0.200554
vt 0.114067 0.200554
vt 0.114067 0.186375
vt 0.117737 0.186375
vt 0.120837 0.186375
vt 0.121446 0.186375
vt 0.121456 0.186610
vt 0.121456 0.190280
vt 0.120827 0.190280
vt 0.120827 0.186610
vt 0.107338 0.220962
vt 0.107338 0.206818
vt 0.107572 0.206801
vt 0.111242 0.206801
vt 0.111242 0.220979
vt 0.107572 0.220979
vt 0.107068 0.225127
vt 0.107068 0.225973
vt 0.107068 0.225975
vt 0.107068 0.225125
vt 0.106983 0.266051
vt 0.106983 0.280194
vt 0.106749 0.280212
vt 0.103079 0.280212
vt 0.103079 0.266033
vt 0.106749 0.266033
vt 0.116202 0.281012
vt 0.116202 0.280167
vt 0.116202 0.280164
vt 0.116202 0.281015
vt 0.109021 0.240487
vt 0.109021 0.226343
vt 0.109256 0.226326
vt 0.112926 0.226326
vt 0.112926 0.240505
vt 0.109256 0.240505
vt 0.120625 0.190450
vt 0.120625 0.186375
vt 0.120525 0.186375
vt 0.120522 0.186375
vt 0.109961 0.200536
vt 0.109961 0.186393
vt 0.110196 0.186375
vt 0.113866 0.186375
vt 0.113866 0.200554
vt 0.110196 0.200554
vt 0.120522 0.190450
vt 0.120525 0.190450
vt 0.103089 0.280413
vt 0.106517 0.280413
vt 0.106527 0.280648
vt 0.106527 0.284318
vt 0.103079 0.284318
vt 0.103079 0.280648
vt 0.111444 0.220962
vt 0.111444 0.206818
vt 0.111678 0.206801
vt 0.115348 0.206801
vt 0.115348 0.220979
vt 0.111678 0.220979
vt 0.121426 0.190654
vt 0.121426 0.191434
vt 0.121426 0.191436
vt 0.121426 0.190651
vt 0.111089 0.266051
vt 0.111089 0.280194
vt 0.110855 0.280212
vt 0.107185 0.280212
vt 0.107185 0.266033
vt 0.110855 0.266033
vt 0.116436 0.279905
vt 0.116436 0.272300
vt 0.116871 0.272276
vt 0.116871 0.279881
vt 0.103079 0.265775
vt 0.103079 0.247652
vt 0.111558 0.247709
vt 0.111558 0.265832
vt 0.122025 0.270718
vt 0.122025 0.267870
vt 0.121753 0.267870
vt 0.121748 0.267870
vt 0.121607 0.267870
vt 0.120838 0.267870
vt 0.121603 0.267870
vt 0.120843 0.267870
vt 0.120673 0.267870
vt 0.120668 0.267870
vt 0.120543 0.267870
vt 0.120539 0.267870
vt 0.120374 0.267870
vt 0.119721 0.267870
vt 0.120369 0.267870
vt 0.119725 0.267870
vt 0.119543 0.267870
vt 0.119291 0.267870
vt 0.119538 0.267870
vt 0.119295 0.267870
vt 0.119141 0.267870
vt 0.118430 0.267870
vt 0.119137 0.267870
vt 0.118435 0.267870
vt 0.118300 0.267870
vt 0.117950 0.267870
vt 0.118296 0.267870
vt 0.117950 0.270718
vt 0.039339 0.061297
vt 0.037181 0.061297
vt 0.050160 0.160335
vt 0.052318 0.160335
vt 0.118711 0.190450
vt 0.118711 0.186375
vt 0.111291 0.266033
vt 0.111324 0.266071
vt 0.111324 0.278125
vt 0.111291 0.278162
vt 0.117950 0.270959
vt 0.122025 0.270959
vt 0.118123 0.280364
vt 0.122197 0.280364
vt 0.118471 0.186375
vt 0.118471 0.190450
vt 0.116838 0.259946
vt 0.116871 0.259983
vt 0.116871 0.272038
vt 0.116838 0.272075
vt 0.109703 0.206559
vt 0.109703 0.206390
vt 0.109843 0.206390
vt 0.109843 0.206559
vt 0.120344 0.213518
vt 0.120344 0.213811
vt 0.120229 0.213811
vt 0.120229 0.213518
vt 0.119749 0.198140
vt 0.119749 0.200547
vt 0.119461 0.200547
vt 0.119461 0.198140
vt 0.122166 0.203735
vt 0.121996 0.203735
vt 0.121996 0.200755
vt 0.122166 0.201328
vt 0.122166 0.200755
vt 0.122284 0.189355
vt 0.121995 0.189355
vt 0.121995 0.186948
vt 0.121995 0.186375
vt 0.122284 0.186375
vt 0.119935 0.223371
vt 0.119935 0.225777
vt 0.119766 0.225777
vt 0.119766 0.223371
vt 0.119424 0.284518
vt 0.119151 0.284518
vt 0.119151 0.283820
vt 0.119424 0.283820
vt 0.108274 0.205875
vt 0.108274 0.200755
vt 0.108389 0.200755
vt 0.108389 0.205875
vt 0.107338 0.225639
vt 0.107338 0.221181
vt 0.108160 0.221181
vt 0.108160 0.225639
vt 0.108757 0.201247
vt 0.108757 0.206367
vt 0.108641 0.206367
vt 0.108641 0.201247
vt 0.115092 0.225639
vt 0.115092 0.225894
vt 0.114269 0.225894
vt 0.114269 0.225639
vt 0.114269 0.221181
vt 0.115092 0.221181
vt 0.122488 0.192586
vt 0.122744 0.192586
vt 0.122744 0.193310
vt 0.122488 0.193310
vt 0.122659 0.221715
vt 0.122543 0.221715
vt 0.122543 0.220991
vt 0.122659 0.220991
vt 0.122799 0.220790
vt 0.122543 0.220790
vt 0.122543 0.220066
vt 0.122799 0.220066
vt 0.111239 0.282737
vt 0.111354 0.282737
vt 0.111354 0.283460
vt 0.111239 0.283460
vt 0.108389 0.206168
vt 0.108414 0.205875
vt 0.108414 0.206168
vt 0.108414 0.200755
vt 0.119484 0.283820
vt 0.119484 0.284518
vt 0.118482 0.242041
vt 0.118482 0.242319
vt 0.108757 0.200953
vt 0.108782 0.200953
vt 0.108782 0.201247
vt 0.116202 0.283063
vt 0.116202 0.282240
vt 0.116227 0.282240
vt 0.116227 0.283063
vt 0.122642 0.248352
vt 0.122642 0.247652
vt 0.122657 0.247652
vt 0.122657 0.248352
vt 0.108616 0.206367
vt 0.108616 0.201247
vt 0.119090 0.284518
vt 0.119090 0.283820
vt 0.119333 0.246115
vt 0.119333 0.245837
vt 0.122440 0.226124
vt 0.122440 0.225301
vt 0.122868 0.225301
vt 0.122868 0.226124
vt 0.108616 0.200755
vt 0.108641 0.200755
vt 0.108160 0.226067
vt 0.107338 0.226067
vt 0.108248 0.205875
vt 0.108274 0.206367
vt 0.108248 0.206367
vt 0.084221 0.414871
vt 0.084601 0.414942
vt 0.085124 0.415738
vt 0.084371 0.415142
vt 0.068940 0.381102
vt 0.064016 0.383957
vt 0.056997 0.385878
vt 0.052130 0.383004
vt 0.063326 0.396008
vt 0.066787 0.397757
vt 0.054906 0.389340
vt 0.065804 0.386502
vt 0.063105 0.396537
vt 0.040599 0.390567
vt 0.066352 0.979098
vt 0.059617 0.975059
vt 0.061805 0.969988
vt 0.063983 0.970635
vt 0.062699 0.965965
vt 0.035897 0.972438
vt 0.068260 0.967490
vt 0.059334 0.399068
vt 0.062349 0.395288
vt 0.070779 0.387783
vt 0.087041 0.393308
vt 0.085270 0.974802
vt 0.059532 0.968483
vt 0.082155 0.386384
vt 0.080434 0.982130
vt 0.063744 0.970748
vt 0.067390 0.983222
vt 0.064103 0.967956
vt 0.062502 0.967347
vt 0.062929 0.969873
vt 0.063358 0.969810
vt 0.063273 0.395501
vt 0.067384 0.388020
vt 0.068400 0.388170
vt 0.062780 0.395144
vt 0.063012 0.378329
vt 0.057804 0.385761
vt 0.058318 0.385110
vt 0.062734 0.381807
vt 0.038778 0.187353
vt 0.041897 0.186923
vt 0.041741 0.187870
vt 0.039221 0.188216
vt 0.121995 0.189795
vt 0.121995 0.189556
vt 0.122164 0.189556
vt 0.122164 0.189795
vt 0.121198 0.192932
vt 0.121198 0.193287
vt 0.121035 0.193287
vt 0.121035 0.192932
vt 0.119259 0.198140
vt 0.119259 0.200547
vt 0.118910 0.200547
vt 0.118910 0.198140
vt 0.122224 0.196492
vt 0.121985 0.196492
vt 0.121985 0.193513
vt 0.122224 0.194085
vt 0.122224 0.193513
vt 0.122248 0.275220
vt 0.121898 0.275220
vt 0.121898 0.272813
vt 0.121898 0.272240
vt 0.122248 0.272240
vt 0.119513 0.211077
vt 0.119513 0.213484
vt 0.119274 0.213484
vt 0.119274 0.211077
vt 0.115998 0.205752
vt 0.116383 0.205752
vt 0.116383 0.206450
vt 0.115998 0.206450
vt 0.113184 0.205838
vt 0.113184 0.200755
vt 0.113346 0.200755
vt 0.113346 0.205838
vt 0.118173 0.197939
vt 0.118173 0.193513
vt 0.118996 0.193513
vt 0.118996 0.197939
vt 0.113710 0.200755
vt 0.113710 0.205838
vt 0.113548 0.205838
vt 0.113548 0.200755
vt 0.115635 0.205181
vt 0.115635 0.205455
vt 0.114936 0.205455
vt 0.114936 0.205181
vt 0.114936 0.200755
vt 0.115635 0.200755
vt 0.122164 0.189901
vt 0.121995 0.189901
vt 0.122330 0.194085
vt 0.122330 0.196492
vt 0.121881 0.247448
vt 0.121881 0.247093
vt 0.121953 0.247093
vt 0.121953 0.247448
vt 0.119620 0.211077
vt 0.119620 0.213484
vt 0.111601 0.206581
vt 0.111439 0.206581
vt 0.111439 0.206355
vt 0.111601 0.206355
vt 0.119222 0.193513
vt 0.119222 0.197939
vt 0.115998 0.205560
vt 0.116383 0.205560
vt 0.120394 0.272521
vt 0.120114 0.272521
vt 0.120394 0.272240
vt 0.122770 0.218892
vt 0.122571 0.218892
vt 0.122571 0.218633
vt 0.122770 0.218633
vt 0.106018 0.205838
vt 0.106018 0.206382
vt 0.105882 0.206382
vt 0.105882 0.205838
vt 0.118709 0.198140
vt 0.118709 0.200547
vt 0.118173 0.200547
vt 0.118173 0.198140
vt 0.117886 0.283263
vt 0.117687 0.283263
vt 0.117687 0.280284
vt 0.117886 0.280857
vt 0.117886 0.280284
vt 0.122416 0.245020
vt 0.121881 0.245020
vt 0.121881 0.242613
vt 0.121881 0.242041
vt 0.122416 0.242041
vt 0.119811 0.239093
vt 0.119811 0.241499
vt 0.119612 0.241499
vt 0.119612 0.239093
vt 0.118613 0.284518
vt 0.118292 0.284518
vt 0.118292 0.283820
vt 0.118613 0.283820
vt 0.105882 0.200755
vt 0.106018 0.200755
vt 0.113912 0.205181
vt 0.113912 0.200755
vt 0.114734 0.200755
vt 0.114734 0.205181
vt 0.106408 0.201480
vt 0.106408 0.206563
vt 0.106272 0.206563
vt 0.106272 0.201480
vt 0.112982 0.205181
vt 0.112982 0.205655
vt 0.112160 0.205655
vt 0.112160 0.205181
vt 0.112160 0.200755
vt 0.112982 0.200755
vt 0.122647 0.249454
vt 0.122647 0.250153
vt 0.122642 0.250153
vt 0.122642 0.249454
vt 0.106245 0.206563
vt 0.106245 0.201480
vt 0.118229 0.284518
vt 0.118229 0.283820
vt 0.119342 0.276315
vt 0.119342 0.276034
vt 0.106044 0.205838
vt 0.106044 0.206382
vt 0.106044 0.200755
vt 0.118677 0.283820
vt 0.118677 0.284518
vt 0.118491 0.272240
vt 0.118491 0.272521
vt 0.106408 0.200936
vt 0.106434 0.200936
vt 0.106434 0.201480
vt 0.122642 0.249252
vt 0.122642 0.248553
vt 0.122647 0.248553
vt 0.122647 0.249252
vt 0.121663 0.226124
vt 0.121663 0.225301
vt 0.122239 0.225301
vt 0.122239 0.226124
vt 0.106245 0.200818
vt 0.106272 0.200818
vt 0.114734 0.205757
vt 0.113912 0.205757
vt 0.105855 0.205838
vt 0.105882 0.206500
vt 0.105855 0.206500
vt 0.122543 0.224193
vt 0.122543 0.223371
vt 0.122700 0.223371
vt 0.122700 0.224193
vt 0.106044 0.206563
vt 0.106018 0.206563
vt 0.112982 0.205812
vt 0.112160 0.205812
vt 0.106408 0.200755
vt 0.106434 0.200755
vt 0.122576 0.223056
vt 0.122576 0.222847
vt 0.122749 0.222847
vt 0.122749 0.223056
vt 0.121100 0.204135
vt 0.121100 0.204679
vt 0.120958 0.204679
vt 0.120958 0.204135
vt 0.122942 0.273834
vt 0.122942 0.275226
vt 0.122449 0.275226
vt 0.122449 0.273834
vt 0.116644 0.246957
vt 0.116644 0.245564
vt 0.116953 0.245564
vt 0.116953 0.246957
vt 0.122449 0.273632
vt 0.122449 0.272240
vt 0.122942 0.272240
vt 0.122942 0.273632
vt 0.121636 0.245846
vt 0.121636 0.247238
vt 0.121326 0.247238
vt 0.121326 0.245846
vt 0.122210 0.213659
vt 0.121873 0.213659
vt 0.121873 0.213125
vt 0.122210 0.213125
vt 0.120958 0.200755
vt 0.121100 0.200755
vt 0.121833 0.278988
vt 0.121204 0.279146
vt 0.121204 0.276045
vt 0.121833 0.276045
vt 0.121784 0.193513
vt 0.121784 0.197074
vt 0.121642 0.197074
vt 0.121642 0.193513
vt 0.121033 0.259305
vt 0.121033 0.259620
vt 0.120404 0.259620
vt 0.120404 0.259147
vt 0.120404 0.256204
vt 0.121033 0.256204
vt 0.121797 0.256216
vt 0.122210 0.256204
vt 0.122210 0.259194
vt 0.121797 0.259206
vt 0.114952 0.246578
vt 0.114952 0.240706
vt 0.115161 0.240706
vt 0.115161 0.241144
vt 0.115161 0.246578
vt 0.113404 0.246139
vt 0.113583 0.246578
vt 0.113047 0.246578
vt 0.113404 0.240706
vt 0.113047 0.240706
vt 0.110836 0.206188
vt 0.110627 0.206188
vt 0.110627 0.200755
vt 0.110836 0.200755
vt 0.122543 0.223106
vt 0.122543 0.222797
vt 0.122782 0.223106
vt 0.122782 0.222797
vt 0.122628 0.234427
vt 0.122800 0.234427
vt 0.122833 0.234477
vt 0.122595 0.234477
vt 0.122800 0.234218
vt 0.122833 0.234168
vt 0.122628 0.234218
vt 0.122595 0.234168
vt 0.121931 0.275772
vt 0.121931 0.275543
vt 0.122104 0.275543
vt 0.122104 0.275772
vt 0.121002 0.275620
vt 0.121002 0.276164
vt 0.120846 0.276164
vt 0.120846 0.275620
vt 0.122860 0.202435
vt 0.122860 0.203913
vt 0.122367 0.203913
vt 0.122367 0.202435
vt 0.122470 0.282535
vt 0.122470 0.281057
vt 0.122800 0.281057
vt 0.122800 0.282535
vt 0.122465 0.205953
vt 0.122465 0.204561
vt 0.122880 0.204561
vt 0.122880 0.205953
vt 0.122800 0.282737
vt 0.122800 0.284215
vt 0.122470 0.284215
vt 0.122470 0.282737
vt 0.122504 0.241666
vt 0.122133 0.241666
vt 0.122133 0.241132
vt 0.122504 0.241132
vt 0.120846 0.272240
vt 0.121002 0.272240
vt 0.111037 0.283334
vt 0.110531 0.283460
vt 0.110531 0.280413
vt 0.111037 0.280413
vt 0.118117 0.256015
vt 0.118117 0.259576
vt 0.117961 0.259576
vt 0.117961 0.256015
vt 0.118996 0.259305
vt 0.118996 0.259620
vt 0.118367 0.259620
vt 0.118367 0.259147
vt 0.118367 0.256204
vt 0.118996 0.256204
vt 0.109340 0.206188
vt 0.108983 0.206188
vt 0.108983 0.200755
vt 0.109340 0.200755
vt 0.106636 0.206541
vt 0.106636 0.200755
vt 0.106807 0.200755
vt 0.106807 0.201151
vt 0.106807 0.206541
vt 0.112667 0.246139
vt 0.112846 0.246578
vt 0.112311 0.246578
vt 0.112667 0.240706
vt 0.112311 0.240706
vt 0.110426 0.206188
vt 0.110196 0.206188
vt 0.110196 0.200755
vt 0.110426 0.200755
vt 0.121898 0.275823
vt 0.121898 0.275493
vt 0.122137 0.275823
vt 0.122137 0.275493
vt 0.122188 0.234519
vt 0.122360 0.234519
vt 0.122393 0.234569
vt 0.122155 0.234569
vt 0.122360 0.234290
vt 0.122393 0.234239
vt 0.122188 0.234290
vt 0.122155 0.234239
vt 0.122399 0.282535
vt 0.122399 0.281057
vt 0.121898 0.275421
vt 0.122137 0.275421
vt 0.122399 0.284215
vt 0.122399 0.282737
vt 0.122155 0.234168
vt 0.122393 0.234168
vt 0.122917 0.234817
vt 0.122917 0.235446
vt 0.122868 0.235446
vt 0.122868 0.234817
vt 0.117912 0.259576
vt 0.117912 0.256015
vt 0.122018 0.241666
vt 0.122018 0.241132
vt 0.119899 0.186375
vt 0.119899 0.186797
vt 0.121002 0.276262
vt 0.120846 0.276262
vt 0.118996 0.259705
vt 0.118367 0.259705
vt 0.109436 0.200755
vt 0.109436 0.206188
vt 0.111803 0.206584
vt 0.111803 0.206355
vt 0.111849 0.206355
vt 0.111849 0.206584
vt 0.112214 0.246578
vt 0.112214 0.240706
vt 0.103991 0.284746
vt 0.103991 0.284547
vt 0.104164 0.284547
vt 0.104164 0.284746
vt 0.121125 0.245420
vt 0.121125 0.245964
vt 0.120989 0.245964
vt 0.120989 0.245420
vt 0.119483 0.205442
vt 0.119483 0.206517
vt 0.118989 0.206517
vt 0.118989 0.205442
vt 0.120637 0.247392
vt 0.120637 0.246316
vt 0.120891 0.246316
vt 0.120891 0.247392
vt 0.119486 0.247392
vt 0.119486 0.246316
vt 0.119980 0.246316
vt 0.119980 0.247392
vt 0.120436 0.246316
vt 0.120436 0.247392
vt 0.120181 0.247392
vt 0.120181 0.246316
vt 0.122653 0.271914
vt 0.122332 0.271914
vt 0.122332 0.271380
vt 0.122653 0.271380
vt 0.120989 0.242041
vt 0.121125 0.242041
vt 0.122271 0.200218
vt 0.121642 0.200376
vt 0.121642 0.197275
vt 0.122271 0.197275
vt 0.116001 0.280164
vt 0.116001 0.283725
vt 0.115865 0.283725
vt 0.115865 0.280164
vt 0.121855 0.267323
vt 0.121855 0.267638
vt 0.121225 0.267638
vt 0.121225 0.267165
vt 0.121225 0.264222
vt 0.121855 0.264222
vt 0.117073 0.280296
vt 0.117486 0.280284
vt 0.117486 0.283448
vt 0.117073 0.283460
vt 0.111814 0.246895
vt 0.111814 0.240706
vt 0.112013 0.240706
vt 0.112013 0.241144
vt 0.112013 0.246895
vt 0.111434 0.246457
vt 0.111613 0.246895
vt 0.111077 0.246895
vt 0.111434 0.240706
vt 0.111077 0.240706
vt 0.108046 0.206506
vt 0.107848 0.206506
vt 0.107848 0.200755
vt 0.108046 0.200755
vt 0.103958 0.284774
vt 0.103958 0.284519
vt 0.104197 0.284774
vt 0.104197 0.284519
vt 0.104431 0.284746
vt 0.104604 0.284746
vt 0.104637 0.284774
vt 0.104398 0.284774
vt 0.104604 0.284547
vt 0.104637 0.284519
vt 0.104431 0.284547
vt 0.104398 0.284519
vt 0.120628 0.193253
vt 0.120628 0.193053
vt 0.120801 0.193053
vt 0.120801 0.193253
vt 0.121461 0.225540
vt 0.121461 0.226084
vt 0.121324 0.226084
vt 0.121324 0.225540
vt 0.122892 0.279378
vt 0.122892 0.280856
vt 0.122399 0.280856
vt 0.122399 0.279378
vt 0.122483 0.257682
vt 0.122483 0.256204
vt 0.122784 0.256204
vt 0.122784 0.257682
vt 0.122226 0.271060
vt 0.122226 0.269582
vt 0.122719 0.269582
vt 0.122719 0.271060
vt 0.122784 0.257884
vt 0.122784 0.259362
vt 0.122483 0.259362
vt 0.122483 0.257884
vt 0.115086 0.205903
vt 0.115409 0.205903
vt 0.115409 0.206437
vt 0.115086 0.206437
vt 0.121235 0.259584
vt 0.121235 0.256204
vt 0.121371 0.256204
vt 0.121371 0.259584
vt 0.110179 0.283356
vt 0.109550 0.283514
vt 0.109550 0.280413
vt 0.110179 0.280413
vt 0.121794 0.186375
vt 0.121794 0.189936
vt 0.121657 0.189936
vt 0.121657 0.186375
vt 0.120202 0.259305
vt 0.120202 0.259620
vt 0.119573 0.259620
vt 0.119573 0.259147
vt 0.119573 0.256204
vt 0.120202 0.256204
vt 0.109995 0.206188
vt 0.109638 0.206188
vt 0.109638 0.200755
vt 0.109995 0.200755
vt 0.107008 0.206541
vt 0.107008 0.200755
vt 0.107150 0.200755
vt 0.107150 0.201151
vt 0.107150 0.206541
vt 0.114141 0.246139
vt 0.114320 0.246578
vt 0.113784 0.246578
vt 0.114141 0.240706
vt 0.113784 0.240706
vt 0.111237 0.206188
vt 0.111037 0.206188
vt 0.111037 0.200755
vt 0.111237 0.200755
vt 0.120595 0.193304
vt 0.120595 0.193003
vt 0.120834 0.193304
vt 0.120834 0.193003
vt 0.122018 0.197015
vt 0.122191 0.197015
vt 0.122224 0.197066
vt 0.121985 0.197066
vt 0.122191 0.196815
vt 0.122224 0.196765
vt 0.122018 0.196815
vt 0.121985 0.196765
vt 0.122412 0.257682
vt 0.122412 0.256204
vt 0.120595 0.192932
vt 0.120834 0.192932
vt 0.122412 0.259362
vt 0.122412 0.257884
vt 0.121985 0.196694
vt 0.122224 0.196694
vt 0.110926 0.206541
vt 0.110789 0.206541
vt 0.110789 0.206390
vt 0.110926 0.206390
vt 0.110330 0.280413
vt 0.110330 0.283356
vt 0.115086 0.205775
vt 0.115409 0.205775
vt 0.119425 0.214447
vt 0.119003 0.214447
vt 0.119425 0.214025
vt 0.122498 0.206414
vt 0.122498 0.206204
vt 0.122671 0.206204
vt 0.122671 0.206414
vt 0.119964 0.212794
vt 0.119964 0.213337
vt 0.119821 0.213337
vt 0.119821 0.212794
vt 0.116257 0.240706
vt 0.116257 0.245363
vt 0.115764 0.245363
vt 0.115764 0.240706
vt 0.117970 0.246698
vt 0.117970 0.242041
vt 0.118280 0.242041
vt 0.118280 0.246698
vt 0.116458 0.245363
vt 0.116458 0.240706
vt 0.116951 0.240706
vt 0.116951 0.245363
vt 0.118372 0.214025
vt 0.118372 0.218682
vt 0.118062 0.218682
vt 0.118062 0.214025
vt 0.120275 0.193513
vt 0.120275 0.197587
vt 0.119424 0.197587
vt 0.119424 0.193513
vt 0.119821 0.211077
vt 0.119964 0.211077
vt 0.122686 0.265717
vt 0.122056 0.265875
vt 0.122056 0.264222
vt 0.122686 0.264222
vt 0.120093 0.198630
vt 0.120093 0.200528
vt 0.119951 0.200528
vt 0.119951 0.198630
vt 0.121225 0.192304
vt 0.121225 0.192619
vt 0.120595 0.192619
vt 0.120595 0.192146
vt 0.120595 0.190651
vt 0.121225 0.190651
vt 0.107625 0.247290
vt 0.107269 0.247290
vt 0.107269 0.240706
vt 0.107625 0.240706
vt 0.117856 0.226117
vt 0.117856 0.219095
vt 0.118066 0.219095
vt 0.118066 0.219533
vt 0.118066 0.226117
vt 0.116739 0.225679
vt 0.116918 0.226117
vt 0.116382 0.226117
vt 0.116739 0.219095
vt 0.116382 0.219095
vt 0.109608 0.247290
vt 0.109398 0.247290
vt 0.109398 0.240706
vt 0.109608 0.240706
vt 0.122465 0.206465
vt 0.122465 0.206154
vt 0.122704 0.206465
vt 0.122704 0.206154
vt 0.122506 0.200481
vt 0.122678 0.200481
vt 0.122711 0.200531
vt 0.122473 0.200531
vt 0.122678 0.200271
vt 0.122711 0.200221
vt 0.122506 0.200271
vt 0.122473 0.200221
vt 0.116677 0.247390
vt 0.116677 0.247208
vt 0.116849 0.247208
vt 0.116849 0.247390
vt 0.120135 0.240810
vt 0.120135 0.241353
vt 0.120012 0.241353
vt 0.120012 0.240810
vt 0.111495 0.221181
vt 0.111495 0.225924
vt 0.111002 0.225924
vt 0.111002 0.221181
vt 0.112392 0.225924
vt 0.112392 0.221181
vt 0.112673 0.221181
vt 0.112673 0.225924
vt 0.109612 0.225924
vt 0.109612 0.221181
vt 0.110106 0.221181
vt 0.110106 0.225924
vt 0.113156 0.221181
vt 0.113156 0.225924
vt 0.112875 0.225924
vt 0.112875 0.221181
vt 0.116683 0.284564
vt 0.116390 0.284564
vt 0.116390 0.284029
vt 0.116683 0.284029
vt 0.120012 0.239093
vt 0.120135 0.239093
vt 0.122737 0.215520
vt 0.122107 0.215677
vt 0.122107 0.214025
vt 0.122737 0.214025
vt 0.121655 0.239093
vt 0.121655 0.240991
vt 0.121531 0.240991
vt 0.121531 0.239093
vt 0.121330 0.240745
vt 0.121330 0.241061
vt 0.120700 0.241061
vt 0.120700 0.240588
vt 0.120700 0.239093
vt 0.121330 0.239093
vt 0.108184 0.247290
vt 0.107827 0.247290
vt 0.107827 0.240706
vt 0.108184 0.240706
vt 0.118062 0.213823
vt 0.118062 0.206801
vt 0.118243 0.206801
vt 0.118243 0.207239
vt 0.118243 0.213823
vt 0.116003 0.225679
vt 0.116181 0.226117
vt 0.115646 0.226117
vt 0.116003 0.219095
vt 0.115646 0.219095
vt 0.109125 0.247290
vt 0.108944 0.247290
vt 0.108944 0.240706
vt 0.109125 0.240706
vt 0.116644 0.247440
vt 0.116644 0.247158
vt 0.116882 0.247440
vt 0.116882 0.247158
vt 0.120578 0.213749
vt 0.120751 0.213749
vt 0.120784 0.213799
vt 0.120545 0.213799
vt 0.120751 0.213568
vt 0.120784 0.213518
vt 0.120578 0.213568
vt 0.120545 0.213518
vt 0.120135 0.241451
vt 0.120012 0.241451
vt 0.121330 0.241146
vt 0.120700 0.241146
vt 0.110209 0.247290
vt 0.110209 0.240706
vt 0.110305 0.240706
vt 0.110305 0.247290
vt 0.109455 0.206571
vt 0.109455 0.206390
vt 0.109502 0.206390
vt 0.109502 0.206571
vt 0.115549 0.226117
vt 0.115549 0.219095
vt 0.109196 0.240706
vt 0.109196 0.247290
vt 0.110044 0.206562
vt 0.110044 0.206390
vt 0.110115 0.206390
vt 0.110115 0.206562
vt 0.110507 0.247290
vt 0.110507 0.240706
vt 0.110578 0.240706
vt 0.110578 0.247290
vt 0.120591 0.279103
vt 0.120591 0.278740
vt 0.120639 0.278740
vt 0.120639 0.279103
vt 0.103112 0.284746
vt 0.103112 0.284547
vt 0.103284 0.284547
vt 0.103284 0.284746
vt 0.122937 0.229839
vt 0.122937 0.230383
vt 0.122802 0.230383
vt 0.122802 0.229839
vt 0.112190 0.221181
vt 0.112190 0.225924
vt 0.111697 0.225924
vt 0.111697 0.221181
vt 0.113358 0.225924
vt 0.113358 0.221181
vt 0.113612 0.221181
vt 0.113612 0.225924
vt 0.110307 0.225924
vt 0.110307 0.221181
vt 0.110801 0.221181
vt 0.110801 0.225924
vt 0.114068 0.221181
vt 0.114068 0.225924
vt 0.113813 0.225924
vt 0.113813 0.221181
vt 0.120894 0.284355
vt 0.120572 0.284355
vt 0.120572 0.283820
vt 0.120894 0.283820
vt 0.120358 0.199857
vt 0.120358 0.198140
vt 0.120494 0.198140
vt 0.120494 0.199857
vt 0.122737 0.217374
vt 0.122107 0.217531
vt 0.122107 0.215879
vt 0.122737 0.215879
vt 0.120472 0.239455
vt 0.120472 0.241353
vt 0.120337 0.241353
vt 0.120337 0.239455
vt 0.121565 0.212729
vt 0.121565 0.213010
vt 0.121060 0.213010
vt 0.121060 0.212572
vt 0.121060 0.211077
vt 0.121565 0.211077
vt 0.108742 0.247290
vt 0.108385 0.247290
vt 0.108385 0.240706
vt 0.108742 0.240706
vt 0.118123 0.279176
vt 0.118123 0.272240
vt 0.118290 0.272240
vt 0.118290 0.272635
vt 0.118290 0.279176
vt 0.117476 0.225679
vt 0.117655 0.226117
vt 0.117119 0.226117
vt 0.117476 0.219095
vt 0.117119 0.219095
vt 0.110008 0.247290
vt 0.109809 0.247290
vt 0.109809 0.240706
vt 0.110008 0.240706
vt 0.103079 0.284774
vt 0.103079 0.284519
vt 0.103317 0.284774
vt 0.103317 0.284519
vt 0.103552 0.284746
vt 0.103724 0.284746
vt 0.103757 0.284774
vt 0.103519 0.284774
vt 0.103724 0.284547
vt 0.103757 0.284519
vt 0.103552 0.284547
vt 0.103519 0.284519
vt 0.104467 0.246742
vt 0.104602 0.246742
vt 0.104592 0.246804
vt 0.104478 0.246804
vt 0.104602 0.247372
vt 0.104592 0.247372
vt 0.118169 0.235255
vt 0.118169 0.241839
vt 0.118153 0.241796
vt 0.118153 0.235255
vt 0.117970 0.241839
vt 0.117986 0.241796
vt 0.117970 0.234817
vt 0.117986 0.234860
vt 0.119343 0.241712
vt 0.119343 0.241826
vt 0.119246 0.241826
vt 0.119246 0.241712
vt 0.112160 0.206581
vt 0.112160 0.206013
vt 0.112245 0.206013
vt 0.112245 0.206581
vt 0.110780 0.247247
vt 0.110780 0.240706
vt 0.110876 0.240706
vt 0.110876 0.247247
vt 0.110541 0.206557
vt 0.110541 0.206390
vt 0.110588 0.206390
vt 0.110588 0.206557
vt 0.118173 0.193311
vt 0.118173 0.186375
vt 0.118269 0.186375
vt 0.118269 0.193311
vt 0.120494 0.200401
vt 0.120520 0.199857
vt 0.120520 0.200401
vt 0.120520 0.198140
vt 0.120957 0.283820
vt 0.120957 0.284355
vt 0.111526 0.271633
vt 0.111526 0.272189
vt 0.120472 0.239093
vt 0.120499 0.239093
vt 0.120499 0.239455
vt 0.104629 0.246742
vt 0.104629 0.247372
vt 0.111110 0.247399
vt 0.111110 0.247147
vt 0.111283 0.247147
vt 0.111283 0.247399
vt 0.121232 0.213212
vt 0.121232 0.213755
vt 0.121060 0.213755
vt 0.121060 0.213212
vt 0.121795 0.200755
vt 0.121795 0.204359
vt 0.121301 0.204359
vt 0.121301 0.200755
vt 0.121326 0.245644
vt 0.121326 0.242041
vt 0.121679 0.242041
vt 0.121679 0.245644
vt 0.121204 0.275844
vt 0.121204 0.272240
vt 0.121697 0.272240
vt 0.121697 0.275844
vt 0.116789 0.280106
vt 0.116789 0.283710
vt 0.116436 0.283710
vt 0.116436 0.280106
vt 0.120385 0.242041
vt 0.120385 0.246115
vt 0.119534 0.246115
vt 0.119534 0.242041
vt 0.119178 0.278233
vt 0.119178 0.276516
vt 0.119350 0.276516
vt 0.119350 0.278233
vt 0.122784 0.232097
vt 0.122155 0.232254
vt 0.122155 0.230602
vt 0.122784 0.230602
vt 0.119354 0.191326
vt 0.119354 0.193224
vt 0.119182 0.193224
vt 0.119182 0.191326
vt 0.120858 0.212729
vt 0.120858 0.213045
vt 0.120229 0.213045
vt 0.120229 0.212572
vt 0.120229 0.211077
vt 0.120858 0.211077
vt 0.116222 0.279963
vt 0.115865 0.279963
vt 0.115865 0.272240
vt 0.116222 0.272240
vt 0.117912 0.255813
vt 0.117912 0.247652
vt 0.118165 0.247652
vt 0.118165 0.248091
vt 0.118165 0.255813
vt 0.117590 0.242539
vt 0.117769 0.242978
vt 0.117233 0.242978
vt 0.117590 0.234817
vt 0.117233 0.234817
vt 0.118203 0.267669
vt 0.117950 0.267669
vt 0.117950 0.259946
vt 0.118203 0.259946
vt 0.111077 0.247449
vt 0.111077 0.247096
vt 0.111316 0.247449
vt 0.111316 0.247096
vt 0.111550 0.247399
vt 0.111722 0.247399
vt 0.111755 0.247449
vt 0.111517 0.247449
vt 0.111722 0.247147
vt 0.111755 0.247096
vt 0.111550 0.247147
vt 0.111517 0.247096
vt 0.119350 0.278777
vt 0.119398 0.278233
vt 0.119398 0.278777
vt 0.119398 0.276516
vt 0.119534 0.242597
vt 0.119354 0.190963
vt 0.119403 0.190963
vt 0.119403 0.191326
vt 0.122869 0.212559
vt 0.122869 0.211929
vt 0.122917 0.211929
vt 0.122917 0.212559
vt 0.113912 0.206588
vt 0.113912 0.205958
vt 0.114183 0.205958
vt 0.114183 0.206588
vt 0.119398 0.279089
vt 0.119350 0.279089
vt 0.120858 0.213317
vt 0.120229 0.213317
vt 0.119354 0.190651
vt 0.119403 0.190651
vt 0.121118 0.246316
vt 0.121118 0.247139
vt 0.121098 0.247077
vt 0.121098 0.246378
vt 0.121093 0.247139
vt 0.121113 0.247077
vt 0.121093 0.246316
vt 0.121113 0.246378
vt 0.108588 0.225916
vt 0.108588 0.225607
vt 0.108650 0.225607
vt 0.108650 0.225881
vt 0.108588 0.221181
vt 0.108650 0.221181
vt 0.116735 0.205442
vt 0.117784 0.205442
vt 0.117705 0.206509
vt 0.116813 0.206509
vt 0.115293 0.221181
vt 0.115293 0.221426
vt 0.109411 0.225607
vt 0.109411 0.225916
vt 0.109349 0.225881
vt 0.109349 0.225607
vt 0.116229 0.281216
vt 0.116229 0.282039
vt 0.116218 0.281977
vt 0.116218 0.281278
vt 0.116202 0.282039
vt 0.116213 0.281977
vt 0.116202 0.281216
vt 0.116213 0.281278
vt 0.120957 0.278932
vt 0.120957 0.278110
vt 0.120968 0.278172
vt 0.120968 0.278871
vt 0.120983 0.278110
vt 0.120973 0.278172
vt 0.120983 0.278932
vt 0.120973 0.278871
vt 0.107984 0.284310
vt 0.107984 0.284620
vt 0.107941 0.284620
vt 0.107941 0.284310
vt 0.122937 0.276045
vt 0.122937 0.276538
vt 0.122894 0.276538
vt 0.122894 0.276045
vt 0.107697 0.284620
vt 0.107697 0.284310
vt 0.107740 0.284310
vt 0.107740 0.284620
vt 0.122893 0.261986
vt 0.122893 0.261494
vt 0.122935 0.261494
vt 0.122935 0.261986
vt 0.122893 0.260439
vt 0.122893 0.259946
vt 0.122936 0.259946
vt 0.122936 0.260439
vt 0.107208 0.284620
vt 0.107208 0.284310
vt 0.107251 0.284310
vt 0.107251 0.284620
vt 0.122936 0.260799
vt 0.122936 0.261292
vt 0.122893 0.261292
vt 0.122893 0.260799
vt 0.107496 0.284310
vt 0.107496 0.284620
vt 0.107452 0.284620
vt 0.107452 0.284310
vt 0.122860 0.200755
vt 0.122860 0.202233
vt 0.122821 0.202191
vt 0.122821 0.200798
vt 0.122367 0.202233
vt 0.122406 0.202191
vt 0.122367 0.200755
vt 0.122406 0.200798
vt 0.122287 0.193081
vt 0.121657 0.193238
vt 0.121719 0.193185
vt 0.122225 0.193058
vt 0.121657 0.190138
vt 0.121719 0.190138
vt 0.118788 0.206509
vt 0.117985 0.206509
vt 0.118064 0.205442
vt 0.118709 0.205442
vt 0.119899 0.186749
vt 0.123021 0.252674
vt 0.122865 0.252674
vt 0.122885 0.252613
vt 0.123001 0.252613
vt 0.122865 0.252045
vt 0.122885 0.252045
vt 0.114750 0.241144
vt 0.114750 0.246578
vt 0.114721 0.246535
vt 0.114721 0.241144
vt 0.114521 0.246578
vt 0.114550 0.246535
vt 0.114521 0.240706
vt 0.114550 0.240749
vt 0.122949 0.240207
vt 0.122949 0.240461
vt 0.122907 0.240461
vt 0.122907 0.240207
vt 0.122937 0.276740
vt 0.122937 0.277233
vt 0.122894 0.277233
vt 0.122894 0.276740
vt 0.122905 0.206408
vt 0.122905 0.206154
vt 0.122948 0.206154
vt 0.122948 0.206408
vt 0.122893 0.262681
vt 0.122893 0.262188
vt 0.122935 0.262188
vt 0.122935 0.262681
vt 0.122894 0.277927
vt 0.122894 0.277434
vt 0.122937 0.277434
vt 0.122937 0.277927
vt 0.122912 0.200475
vt 0.122912 0.200221
vt 0.122955 0.200221
vt 0.122955 0.200475
vt 0.122935 0.262882
vt 0.122935 0.263375
vt 0.122893 0.263375
vt 0.122893 0.262882
vt 0.122949 0.239751
vt 0.122949 0.240006
vt 0.122907 0.240006
vt 0.122907 0.239751
vt 0.123001 0.253542
vt 0.122865 0.253542
vt 0.122885 0.253480
vt 0.122981 0.253480
vt 0.122865 0.252912
vt 0.122885 0.252912
vt 0.115562 0.241144
vt 0.115562 0.246578
vt 0.115533 0.246535
vt 0.115533 0.241144
vt 0.115362 0.246578
vt 0.115391 0.246535
vt 0.115362 0.240706
vt 0.115391 0.240749
vt 0.122660 0.247093
vt 0.122660 0.247404
vt 0.122617 0.247404
vt 0.122617 0.247093
vt 0.122930 0.264222
vt 0.122930 0.264716
vt 0.122887 0.264716
vt 0.122887 0.264222
vt 0.111957 0.247407
vt 0.111957 0.247096
vt 0.112000 0.247096
vt 0.112000 0.247407
vt 0.122642 0.255963
vt 0.122642 0.255470
vt 0.122685 0.255470
vt 0.122685 0.255963
vt 0.122887 0.265410
vt 0.122887 0.264917
vt 0.122930 0.264917
vt 0.122930 0.265410
vt 0.122801 0.275823
vt 0.122801 0.275513
vt 0.122843 0.275513
vt 0.122843 0.275823
vt 0.122929 0.255470
vt 0.122929 0.255963
vt 0.122887 0.255963
vt 0.122887 0.255470
vt 0.122039 0.203936
vt 0.122039 0.204247
vt 0.121996 0.204247
vt 0.121996 0.203936
vt 0.120832 0.225339
vt 0.120832 0.224866
vt 0.120894 0.224866
vt 0.120894 0.225304
vt 0.120832 0.223371
vt 0.120894 0.223371
vt 0.118482 0.246316
vt 0.119285 0.246316
vt 0.119206 0.247383
vt 0.118561 0.247383
vt 0.111526 0.272124
vt 0.121461 0.225023
vt 0.121461 0.225339
vt 0.121399 0.225304
vt 0.121399 0.225023
vt 0.110214 0.283716
vt 0.110214 0.284415
vt 0.110173 0.284415
vt 0.110173 0.283716
vt 0.119545 0.241712
vt 0.119559 0.241712
vt 0.119559 0.241759
vt 0.119545 0.241759
vt 0.122600 0.228086
vt 0.122600 0.228785
vt 0.122559 0.228785
vt 0.122559 0.228086
vt 0.119614 0.279157
vt 0.119600 0.279157
vt 0.119600 0.279110
vt 0.119614 0.279110
vt 0.111439 0.206153
vt 0.111439 0.205838
vt 0.111462 0.205838
vt 0.111462 0.206153
vt 0.111439 0.200755
vt 0.111462 0.200755
vt 0.115998 0.205804
vt 0.115998 0.206398
vt 0.115943 0.206398
vt 0.115943 0.205804
vt 0.122885 0.247353
vt 0.122861 0.247353
vt 0.122861 0.247093
vt 0.122877 0.247093
vt 0.111526 0.266348
vt 0.111526 0.266033
vt 0.111549 0.266033
vt 0.111549 0.266348
vt 0.122618 0.244541
vt 0.122618 0.243842
vt 0.122641 0.243842
vt 0.122641 0.244541
vt 0.122559 0.229686
vt 0.122559 0.228987
vt 0.122600 0.228987
vt 0.122600 0.229686
vt 0.119765 0.241759
vt 0.119761 0.241759
vt 0.119761 0.241712
vt 0.119765 0.241712
vt 0.122618 0.242740
vt 0.122618 0.242041
vt 0.122659 0.242041
vt 0.122659 0.242740
vt 0.119766 0.225979
vt 0.119770 0.225979
vt 0.119770 0.226026
vt 0.119766 0.226026
vt 0.122618 0.243640
vt 0.122618 0.242941
vt 0.122659 0.242941
vt 0.122659 0.243640
vt 0.119604 0.193244
vt 0.119609 0.193244
vt 0.119609 0.193292
vt 0.119604 0.193292
vt 0.122571 0.218432
vt 0.122571 0.217733
vt 0.122613 0.217733
vt 0.122613 0.218432
vt 0.119653 0.197836
vt 0.119648 0.197836
vt 0.119648 0.197788
vt 0.119653 0.197788
vt 0.108208 0.284310
vt 0.108208 0.284620
vt 0.108186 0.284620
vt 0.108186 0.284310
vt 0.122338 0.275823
vt 0.122577 0.275823
vt 0.122599 0.275823
vt 0.122361 0.275823
vt 0.122577 0.275513
vt 0.122599 0.275513
vt 0.122338 0.275513
vt 0.122361 0.275513
vt 0.112931 0.206506
vt 0.112931 0.206013
vt 0.112931 0.206060
vt 0.112931 0.206553
vt 0.122425 0.197066
vt 0.122425 0.196756
vt 0.122448 0.196756
vt 0.122448 0.197066
vt 0.122664 0.196756
vt 0.122686 0.196756
vt 0.108432 0.284310
vt 0.108432 0.284620
vt 0.108409 0.284620
vt 0.108409 0.284310
vt 0.120991 0.276516
vt 0.120991 0.277908
vt 0.120957 0.277908
vt 0.120957 0.276516
vt 0.109253 0.206390
vt 0.109253 0.206590
vt 0.109219 0.206590
vt 0.109219 0.206390
vt 0.121047 0.205031
vt 0.121047 0.206423
vt 0.121013 0.206423
vt 0.121013 0.205031
vt 0.109018 0.206390
vt 0.109018 0.206590
vt 0.108983 0.206590
vt 0.108983 0.206390
vt 0.113700 0.206040
vt 0.113700 0.206546
vt 0.113676 0.206546
vt 0.113676 0.206040
vt 0.119221 0.259704
vt 0.119197 0.259704
vt 0.119197 0.256204
vt 0.119221 0.256204
vt 0.122018 0.241184
vt 0.122018 0.241613
vt 0.121962 0.241613
vt 0.121962 0.241184
vt 0.122878 0.284676
vt 0.122854 0.284676
vt 0.122854 0.284416
vt 0.122870 0.284416
vt 0.119322 0.213685
vt 0.119322 0.213802
vt 0.119274 0.213802
vt 0.119274 0.213685
vt 0.112446 0.206581
vt 0.112446 0.206013
vt 0.112487 0.206013
vt 0.112487 0.206581
vt 0.111663 0.206146
vt 0.111663 0.200755
vt 0.111710 0.200755
vt 0.111710 0.206146
vt 0.110317 0.206561
vt 0.110317 0.206390
vt 0.110339 0.206390
vt 0.110339 0.206561
vt 0.107351 0.206541
vt 0.107351 0.200755
vt 0.107398 0.200755
vt 0.107398 0.206541
vt 0.122618 0.244981
vt 0.122872 0.244981
vt 0.122872 0.245003
vt 0.122618 0.245003
vt 0.122872 0.244742
vt 0.122872 0.244765
vt 0.122919 0.189271
vt 0.122919 0.189017
vt 0.122941 0.189017
vt 0.122941 0.189271
vt 0.122618 0.244742
vt 0.122618 0.244765
vt 0.122653 0.284416
vt 0.122653 0.284655
vt 0.122653 0.284677
vt 0.122653 0.284439
vt 0.122919 0.189727
vt 0.122919 0.189473
vt 0.122941 0.189473
vt 0.122941 0.189727
vt 0.122399 0.284655
vt 0.122399 0.284416
vt 0.122399 0.284439
vt 0.122399 0.284677
vt 0.119570 0.213685
vt 0.119570 0.213782
vt 0.119523 0.213782
vt 0.119523 0.213685
vt 0.112689 0.206581
vt 0.112689 0.206013
vt 0.112730 0.206013
vt 0.112730 0.206581
vt 0.111912 0.206146
vt 0.111912 0.200755
vt 0.111958 0.200755
vt 0.111958 0.206146
vt 0.119424 0.197930
vt 0.119424 0.197788
vt 0.119446 0.197788
vt 0.119446 0.197930
vt 0.107600 0.206541
vt 0.107600 0.200755
vt 0.107646 0.200755
vt 0.107646 0.206541
vt 0.116225 0.283264
vt 0.116225 0.283575
vt 0.116202 0.283575
vt 0.116202 0.283264
vt 0.121797 0.259718
vt 0.122036 0.259718
vt 0.122058 0.259718
vt 0.121820 0.259718
vt 0.122036 0.259408
vt 0.122058 0.259408
vt 0.121797 0.259408
vt 0.121820 0.259408
vt 0.122393 0.247404
vt 0.122155 0.247404
vt 0.122177 0.247404
vt 0.122415 0.247404
vt 0.122155 0.247093
vt 0.122177 0.247093
vt 0.122393 0.247093
vt 0.122415 0.247093
vt 0.122582 0.229887
vt 0.122582 0.230198
vt 0.122559 0.230198
vt 0.122559 0.229887
vt 0.120377 0.278737
vt 0.120377 0.278233
vt 0.120389 0.278233
vt 0.120389 0.278737
vt 0.120377 0.276516
vt 0.120389 0.276516
vt 0.120957 0.284302
vt 0.120957 0.283873
vt 0.120987 0.283873
vt 0.120987 0.284302
vt 0.122906 0.263837
vt 0.122893 0.263837
vt 0.122893 0.263577
vt 0.122898 0.263577
vt 0.120381 0.190974
vt 0.120381 0.190651
vt 0.120394 0.190651
vt 0.120394 0.190974
vt 0.121433 0.213717
vt 0.121433 0.213212
vt 0.121446 0.213212
vt 0.121446 0.213717
vt 0.120978 0.241347
vt 0.120978 0.241820
vt 0.120700 0.241820
vt 0.120700 0.241347
vt 0.109179 0.284588
vt 0.109007 0.284588
vt 0.109007 0.284310
vt 0.109179 0.284310
vt 0.106728 0.284783
vt 0.106728 0.284310
vt 0.107006 0.284310
vt 0.107006 0.284783
vt 0.108633 0.284310
vt 0.108805 0.284310
vt 0.108805 0.284588
vt 0.108633 0.284588
vt 0.119792 0.283653
vt 0.120265 0.283653
vt 0.120265 0.284604
vt 0.119792 0.284604
vt 0.104467 0.245792
vt 0.104602 0.245792
vt 0.106867 0.226076
vt 0.106394 0.226076
vt 0.106394 0.225125
vt 0.106867 0.225125
vt 0.117687 0.283465
vt 0.117822 0.283465
vt 0.117822 0.284415
vt 0.117687 0.284415
vt 0.102877 0.186375
vt 0.102877 0.453131
vt 0.087242 0.453131
vt 0.087242 0.186375
vt 0.043128 0.188045
vt 0.044878 0.186474
vt 0.037876 0.188594
vt 0.035897 0.187410
vt 0.119333 0.242041
vt 0.119054 0.242319
vt 0.118482 0.246115
vt 0.118482 0.245837
vt 0.119333 0.242319
vt 0.108782 0.206367
vt 0.108248 0.200755
vt 0.055537 0.973584
vt 0.067693 0.978282
vt 0.071986 0.978403
vt 0.046860 0.973220
vt 0.061933 0.969011
vt 0.061766 0.966358
vt 0.068791 0.979024
vt 0.076492 0.974275
vt 0.120394 0.276315
vt 0.119544 0.276315
vt 0.120394 0.276034
vt 0.119544 0.276034
vt 0.115293 0.225255
vt 0.105966 0.226102
vt 0.105966 0.225125
vt 0.106192 0.225125
vt 0.106192 0.226102
vt 0.108362 0.225607
vt 0.108362 0.221181
vt 0.119342 0.272240
vt 0.119062 0.272521
vt 0.118491 0.276315
vt 0.118491 0.276034
vt 0.119342 0.272521
vt 0.105855 0.200755
vt 0.106434 0.206563
vt 0.120133 0.200755
vt 0.120133 0.204830
vt 0.120555 0.204408
vt 0.122532 0.194621
vt 0.122532 0.195472
vt 0.122954 0.195472
vt 0.122929 0.194621
vt 0.120586 0.242041
vt 0.120586 0.246115
vt 0.117486 0.284513
vt 0.117486 0.283662
vt 0.117088 0.283662
vt 0.117064 0.284513
vt 0.119899 0.190450
vt 0.120321 0.190028
vt 0.122517 0.213791
vt 0.122517 0.213007
vt 0.122744 0.213007
vt 0.122744 0.213791
vt 0.120596 0.272240
vt 0.120596 0.276315
vt 0.115220 0.284539
vt 0.115220 0.283689
vt 0.114823 0.283689
vt 0.114798 0.284539
vt 0.120596 0.275917
vt 0.120797 0.275620
vt 0.120797 0.272240
vt 0.120433 0.214025
vt 0.120433 0.218099
vt 0.120856 0.217677
vt 0.122532 0.195674
vt 0.122532 0.196524
vt 0.122954 0.196524
vt 0.122929 0.195674
vt 0.111291 0.278364
vt 0.111291 0.282438
vt 0.109972 0.284566
vt 0.109972 0.283716
vt 0.109575 0.283716
vt 0.109550 0.284566
vt 0.119425 0.218099
vt 0.118574 0.218099
vt 0.119425 0.217677
vt 0.118574 0.217702
vt 0.120756 0.200755
vt 0.120756 0.204830
vt 0.118574 0.214025
vt 0.118574 0.214422
vt 0.119422 0.259147
vt 0.119422 0.256204
vt 0.119669 0.194118
vt 0.111569 0.283689
vt 0.111569 0.284539
vt 0.112175 0.284539
vt 0.112125 0.283689
vt 0.119424 0.194069
vt 0.120275 0.194118
vt 0.117163 0.243179
vt 0.117163 0.247254
vt 0.117769 0.246648
vt 0.112376 0.283689
vt 0.112376 0.284539
vt 0.112982 0.284539
vt 0.112932 0.283689
vt 0.120788 0.242041
vt 0.120788 0.246115
vt 0.113789 0.284539
vt 0.113789 0.283689
vt 0.113233 0.283689
vt 0.113183 0.284539
vt 0.119626 0.214025
vt 0.119626 0.218099
vt 0.120232 0.217493
vt 0.113991 0.283689
vt 0.113991 0.284539
vt 0.114597 0.284539
vt 0.114547 0.283689
vt 0.111526 0.275708
vt 0.115422 0.284473
vt 0.115422 0.283689
vt 0.115648 0.283689
vt 0.115648 0.284473
vt 0.119626 0.217493
vt 0.120499 0.241353
vt 0.119779 0.242646
vt 0.120385 0.245509
vt 0.119534 0.245559
vt 0.120385 0.242646
vt 0.119403 0.193224
vt 0.120394 0.272485
vt 0.109349 0.221181
vt 0.109411 0.221181
vt 0.120596 0.275959
vt 0.122287 0.190138
vt 0.122225 0.190138
vt 0.119626 0.217563
vt 0.121399 0.223371
vt 0.121461 0.223371
vt 0.122903 0.197016
vt 0.122887 0.197016
vt 0.122887 0.196756
vt 0.122911 0.196756
vt 0.111549 0.271432
vt 0.111526 0.271432
vt 0.122903 0.265872
vt 0.122887 0.265872
vt 0.122887 0.265612
vt 0.122911 0.265612
vt 0.121596 0.259558
vt 0.121573 0.259558
vt 0.121573 0.256204
vt 0.121596 0.256204
vt 0.122899 0.279047
vt 0.122894 0.279047
vt 0.122894 0.278787
vt 0.122907 0.278787
vt 0.120394 0.192872
vt 0.120381 0.192872
vt 0.037349 0.187091
vt 0.043237 0.186375
vt 0.042572 0.188239
vt 0.038513 0.188736
vt 0.119424 0.284685
vt 0.119151 0.284685
vt 0.119590 0.284636
vt 0.119590 0.283702
vt 0.119424 0.283653
vt 0.119151 0.283653
vt 0.118984 0.283702
vt 0.118984 0.284636
vt 0.122671 0.186572
vt 0.122556 0.186572
vt 0.122556 0.186375
vt 0.122671 0.186375
vt 0.122530 0.186572
vt 0.122485 0.186433
vt 0.122530 0.187394
vt 0.122485 0.187533
vt 0.122556 0.187394
vt 0.122556 0.187591
vt 0.122671 0.187394
vt 0.122671 0.187591
vt 0.122696 0.187394
vt 0.122741 0.187533
vt 0.122696 0.186572
vt 0.122741 0.186433
vt 0.116533 0.205752
vt 0.116489 0.206568
vt 0.116489 0.205442
vt 0.115892 0.205442
vt 0.115848 0.205752
vt 0.119684 0.206509
vt 0.119684 0.205442
vt 0.119809 0.205442
vt 0.119834 0.206509
vt 0.115836 0.205686
vt 0.115873 0.205712
vt 0.115836 0.206516
vt 0.115873 0.206490
vt 0.115931 0.206599
vt 0.122541 0.198463
vt 0.122703 0.198463
vt 0.122748 0.198602
vt 0.122496 0.198602
vt 0.122703 0.198237
vt 0.122766 0.198237
vt 0.122703 0.197414
vt 0.122748 0.197275
vt 0.122541 0.197414
vt 0.122496 0.197275
vt 0.122541 0.197475
vt 0.122496 0.197337
vt 0.122518 0.197475
vt 0.122473 0.197337
vt 0.122518 0.198175
vt 0.122473 0.198314
vt 0.122541 0.198175
vt 0.122496 0.198314
vt 0.111182 0.206475
vt 0.111127 0.206533
vt 0.111158 0.206390
vt 0.111127 0.206444
vt 0.122541 0.198237
vt 0.122478 0.198237
vt 0.118613 0.284685
vt 0.118292 0.284685
vt 0.118783 0.284636
vt 0.118783 0.283702
vt 0.118613 0.283653
vt 0.118292 0.283653
vt 0.118123 0.283702
vt 0.118123 0.284636
vt 0.122680 0.199000
vt 0.122544 0.199000
vt 0.122544 0.198804
vt 0.122680 0.198804
vt 0.122518 0.199000
vt 0.122473 0.198861
vt 0.122518 0.199823
vt 0.122473 0.199961
vt 0.122544 0.199823
vt 0.122544 0.200019
vt 0.122680 0.199823
vt 0.122680 0.200019
vt 0.122706 0.199823
vt 0.122751 0.199961
vt 0.122706 0.199000
vt 0.122751 0.198861
vt 0.122610 0.241784
vt 0.122133 0.241832
vt 0.122610 0.241014
vt 0.122133 0.240965
vt 0.121951 0.240982
vt 0.121893 0.241091
vt 0.121856 0.241066
vt 0.121856 0.241731
vt 0.121893 0.241706
vt 0.121951 0.241815
vt 0.122761 0.190334
vt 0.122605 0.190334
vt 0.122605 0.190138
vt 0.122806 0.190195
vt 0.122556 0.190334
vt 0.122512 0.190195
vt 0.122556 0.190396
vt 0.122512 0.190257
vt 0.122533 0.190396
vt 0.122488 0.190257
vt 0.122533 0.190902
vt 0.122488 0.191041
vt 0.122556 0.190902
vt 0.122512 0.191041
vt 0.122556 0.190964
vt 0.122512 0.191103
vt 0.122605 0.190964
vt 0.122605 0.191160
vt 0.122761 0.190964
vt 0.122806 0.191103
vt 0.115559 0.205903
vt 0.115515 0.206555
vt 0.115515 0.205657
vt 0.114980 0.205657
vt 0.114936 0.205903
vt 0.114980 0.206555
vt 0.122170 0.218652
vt 0.122307 0.218652
vt 0.122352 0.218792
vt 0.122126 0.218792
vt 0.122307 0.218502
vt 0.122370 0.218502
vt 0.122307 0.217872
vt 0.122352 0.217733
vt 0.122170 0.217872
vt 0.122126 0.217733
vt 0.122170 0.218502
vt 0.122107 0.218502
vt 0.120894 0.284521
vt 0.120466 0.284472
vt 0.121024 0.284504
vt 0.121082 0.284395
vt 0.121093 0.284420
vt 0.121093 0.283755
vt 0.121082 0.283780
vt 0.121024 0.283671
vt 0.120894 0.283653
vt 0.120466 0.283702
vt 0.122668 0.191559
vt 0.122533 0.191559
vt 0.122488 0.191420
vt 0.122668 0.191362
vt 0.122533 0.192188
vt 0.122488 0.192327
vt 0.122668 0.192188
vt 0.122668 0.192385
vt 0.122695 0.192188
vt 0.122740 0.192327
vt 0.122695 0.192126
vt 0.122740 0.192266
vt 0.122708 0.192126
vt 0.122753 0.192266
vt 0.122708 0.191621
vt 0.122753 0.191481
vt 0.122695 0.191621
vt 0.122740 0.191481
vt 0.122695 0.191559
vt 0.122740 0.191420
vt 0.122702 0.187989
vt 0.122530 0.187989
vt 0.122485 0.187850
vt 0.122702 0.187792
vt 0.122530 0.188619
vt 0.122485 0.188758
vt 0.122702 0.188619
vt 0.122702 0.188816
vt 0.122751 0.188619
vt 0.122795 0.188758
vt 0.122751 0.187989
vt 0.122795 0.187850
vt 0.122316 0.213777
vt 0.121767 0.213777
vt 0.122316 0.213007
vt 0.121767 0.213007
vt 0.121244 0.218113
vt 0.121101 0.218113
vt 0.121057 0.217975
vt 0.121288 0.217975
vt 0.121101 0.218743
vt 0.121057 0.218882
vt 0.121244 0.218743
vt 0.121288 0.218882
vt 0.122759 0.272032
vt 0.122226 0.272032
vt 0.122759 0.271262
vt 0.122226 0.271262
vt 0.121670 0.218113
vt 0.121535 0.218113
vt 0.121490 0.217975
vt 0.121715 0.217975
vt 0.121535 0.218743
vt 0.121490 0.218882
vt 0.121670 0.218743
vt 0.121715 0.218882
vt 0.122649 0.219213
vt 0.122649 0.219747
vt 0.122543 0.219865
vt 0.122543 0.219095
vt 0.122673 0.189156
vt 0.122530 0.189156
vt 0.122485 0.189017
vt 0.122718 0.189017
vt 0.122530 0.189785
vt 0.122485 0.189924
vt 0.122673 0.189785
vt 0.122718 0.189924
vt 0.116789 0.284681
vt 0.116285 0.284681
vt 0.116789 0.283911
vt 0.116285 0.283911
vt 0.122700 0.193651
vt 0.122576 0.193651
vt 0.122532 0.193513
vt 0.122745 0.193513
vt 0.122576 0.194281
vt 0.122532 0.194420
vt 0.122700 0.194281
vt 0.122745 0.194420
vt 0.122907 0.239550
vt 0.122907 0.239093
vt 0.122972 0.239093
vt 0.122972 0.239550
vt 0.123087 0.224686
vt 0.123087 0.224782
vt 0.122543 0.224782
vt 0.122543 0.224686
vt 0.120520 0.205031
vt 0.120520 0.206509
vt 0.120424 0.206509
vt 0.120424 0.205031
vt 0.103079 0.206599
vt 0.103079 0.186375
vt 0.103962 0.187704
vt 0.104266 0.205800
vt 0.116055 0.247293
vt 0.116055 0.245598
vt 0.116151 0.245598
vt 0.116151 0.247293
vt 0.105302 0.247332
vt 0.104915 0.247101
vt 0.105014 0.241165
vt 0.105302 0.240706
vt 0.120520 0.206541
vt 0.120424 0.206541
vt 0.114385 0.206053
vt 0.114455 0.205958
vt 0.114455 0.206503
vt 0.114388 0.206595
vt 0.116055 0.245564
vt 0.116151 0.245564
vt 0.122860 0.243423
vt 0.122860 0.242879
vt 0.122930 0.242973
vt 0.122927 0.243515
vt 0.123087 0.225074
vt 0.122543 0.225074
vt 0.120811 0.206509
vt 0.120811 0.206541
vt 0.119559 0.218842
vt 0.119559 0.218301
vt 0.119851 0.218301
vt 0.119851 0.218842
vt 0.116442 0.245564
vt 0.116442 0.245598
vt 0.122543 0.224395
vt 0.123087 0.224395
vt 0.115764 0.245598
vt 0.115764 0.245564
vt 0.119358 0.218301
vt 0.119358 0.218842
vt 0.119067 0.218842
vt 0.119067 0.218301
vt 0.120133 0.206541
vt 0.120133 0.206509
vt 0.122902 0.223828
vt 0.122902 0.223371
vt 0.122967 0.223371
vt 0.122967 0.223828
vt 0.123088 0.222208
vt 0.123088 0.222304
vt 0.122543 0.222304
vt 0.122543 0.222208
vt 0.122444 0.266076
vt 0.122444 0.267554
vt 0.122348 0.267554
vt 0.122348 0.266076
vt 0.103079 0.227025
vt 0.103079 0.206801
vt 0.103962 0.208130
vt 0.104266 0.226226
vt 0.121954 0.225099
vt 0.121954 0.223405
vt 0.122051 0.223405
vt 0.122051 0.225099
vt 0.105890 0.247332
vt 0.105504 0.247101
vt 0.105602 0.241165
vt 0.105890 0.240706
vt 0.122444 0.267587
vt 0.122348 0.267587
vt 0.114656 0.206053
vt 0.114726 0.205958
vt 0.114726 0.206503
vt 0.114659 0.206595
vt 0.121954 0.223371
vt 0.122051 0.223371
vt 0.122864 0.255162
vt 0.122864 0.254617
vt 0.122934 0.254712
vt 0.122931 0.255254
vt 0.123088 0.222595
vt 0.122543 0.222595
vt 0.122735 0.267554
vt 0.122735 0.267587
vt 0.120832 0.226082
vt 0.120832 0.225540
vt 0.121123 0.225540
vt 0.121123 0.226082
vt 0.122342 0.223371
vt 0.122342 0.223405
vt 0.122543 0.221917
vt 0.123088 0.221917
vt 0.121663 0.223405
vt 0.121663 0.223371
vt 0.118261 0.246899
vt 0.118261 0.247441
vt 0.117970 0.247441
vt 0.117970 0.246899
vt 0.122056 0.267587
vt 0.122056 0.267554
vt 0.121180 0.241804
vt 0.121180 0.241347
vt 0.121246 0.241347
vt 0.121246 0.241804
vt 0.123104 0.227497
vt 0.123104 0.227594
vt 0.122559 0.227594
vt 0.122559 0.227497
vt 0.122613 0.267870
vt 0.122613 0.269348
vt 0.122517 0.269348
vt 0.122517 0.267870
vt 0.103079 0.247451
vt 0.103079 0.227227
vt 0.103962 0.228556
vt 0.104266 0.246651
vt 0.122058 0.212806
vt 0.122058 0.211111
vt 0.122154 0.211111
vt 0.122154 0.212806
vt 0.106479 0.247332
vt 0.106092 0.247101
vt 0.106191 0.241165
vt 0.106479 0.240706
vt 0.122613 0.269381
vt 0.122517 0.269381
vt 0.121531 0.241287
vt 0.121601 0.241192
vt 0.121601 0.241736
vt 0.121535 0.241829
vt 0.122058 0.211077
vt 0.122154 0.211077
vt 0.122865 0.250899
vt 0.122865 0.250354
vt 0.122934 0.250449
vt 0.122931 0.250991
vt 0.123104 0.227885
vt 0.122559 0.227885
vt 0.122904 0.269348
vt 0.122904 0.269381
vt 0.120052 0.218842
vt 0.120052 0.218301
vt 0.120343 0.218301
vt 0.120343 0.218842
vt 0.122445 0.211077
vt 0.122445 0.211111
vt 0.122559 0.227206
vt 0.123104 0.227206
vt 0.121767 0.211111
vt 0.121767 0.211077
vt 0.120835 0.218301
vt 0.120835 0.218842
vt 0.120545 0.218842
vt 0.120545 0.218301
vt 0.122226 0.269381
vt 0.122226 0.269348
vt 0.122894 0.278586
vt 0.122894 0.278129
vt 0.122960 0.278129
vt 0.122960 0.278586
vt 0.123104 0.226617
vt 0.123104 0.226713
vt 0.122559 0.226713
vt 0.122559 0.226617
vt 0.122542 0.232456
vt 0.122542 0.233934
vt 0.122446 0.233934
vt 0.122446 0.232456
vt 0.104467 0.206599
vt 0.104467 0.186375
vt 0.105350 0.187704
vt 0.105654 0.205800
vt 0.121877 0.206289
vt 0.121877 0.204594
vt 0.121973 0.204594
vt 0.121973 0.206289
vt 0.107067 0.247332
vt 0.106680 0.247101
vt 0.106779 0.241165
vt 0.107067 0.240706
vt 0.122542 0.233966
vt 0.122446 0.233966
vt 0.122860 0.242135
vt 0.122930 0.242041
vt 0.122930 0.242585
vt 0.122863 0.242677
vt 0.121877 0.204561
vt 0.121973 0.204561
vt 0.122865 0.251751
vt 0.122865 0.251207
vt 0.122934 0.251302
vt 0.122931 0.251844
vt 0.123104 0.227005
vt 0.122559 0.227005
vt 0.122834 0.233934
vt 0.122834 0.233966
vt 0.113184 0.206582
vt 0.113184 0.206040
vt 0.113475 0.206040
vt 0.113475 0.206582
vt 0.122264 0.204561
vt 0.122264 0.204594
vt 0.122559 0.226326
vt 0.123104 0.226326
vt 0.121585 0.204594
vt 0.121585 0.204561
vt 0.118865 0.218301
vt 0.118865 0.218842
vt 0.118574 0.218842
vt 0.118574 0.218301
vt 0.122155 0.233966
vt 0.122155 0.233934
vt 0.038735 0.028673
vt 0.038735 0.026688
vt 0.039184 0.026688
vt 0.039184 0.028673
vt 0.038760 0.035467
vt 0.039209 0.035467
vt 0.039209 0.037452
vt 0.038760 0.037452
vt 0.035970 0.020052
vt 0.036149 0.020052
vt 0.036149 0.022037
vt 0.035970 0.022037
vt 0.030187 0.033074
vt 0.030187 0.032567
vt 0.030636 0.032567
vt 0.030636 0.033074
vt 0.033710 0.061098
vt 0.033889 0.061098
vt 0.033889 0.063083
vt 0.033710 0.063083
vt 0.037159 0.033203
vt 0.037159 0.033710
vt 0.036710 0.033710
vt 0.036710 0.033203
vt 0.037159 0.035209
vt 0.036710 0.035209
vt 0.034416 0.061098
vt 0.034416 0.063083
vt 0.036676 0.020052
vt 0.036676 0.022037
vt 0.037159 0.036708
vt 0.036710 0.036708
vt 0.034944 0.061098
vt 0.034944 0.063083
vt 0.037074 0.061670
vt 0.036625 0.061670
vt 0.036625 0.060170
vt 0.037074 0.060170
vt 0.037204 0.020052
vt 0.037204 0.022037
vt 0.037159 0.037592
vt 0.036710 0.037592
vt 0.035256 0.061098
vt 0.035256 0.063083
vt 0.036625 0.059286
vt 0.037074 0.059286
vt 0.037516 0.020052
vt 0.037516 0.022037
vt 0.039158 0.039963
vt 0.039608 0.039963
vt 0.039608 0.040848
vt 0.039158 0.040848
vt 0.035567 0.061098
vt 0.035567 0.063083
vt 0.036625 0.058401
vt 0.037074 0.058401
vt 0.037827 0.020052
vt 0.037827 0.022037
vt 0.039171 0.043209
vt 0.039620 0.043209
vt 0.039620 0.044093
vt 0.039171 0.044093
vt 0.035879 0.061098
vt 0.035879 0.063083
vt 0.036625 0.057517
vt 0.037074 0.057517
vt 0.038139 0.020052
vt 0.038139 0.022037
vt 0.039251 0.063561
vt 0.039251 0.064010
vt 0.038861 0.064010
vt 0.038861 0.063561
vt 0.035567 0.063473
vt 0.035256 0.063473
vt 0.033161 0.064015
vt 0.033161 0.063565
vt 0.033551 0.063565
vt 0.033551 0.064015
vt 0.037516 0.019662
vt 0.037827 0.019662
vt 0.120027 0.212794
vt 0.120027 0.213337
vt 0.120027 0.211077
vt 0.122869 0.211706
vt 0.122869 0.211077
vt 0.122932 0.211077
vt 0.122932 0.211706
vt 0.120157 0.198630
vt 0.120157 0.200528
vt 0.120093 0.198268
vt 0.120157 0.198268
vt 0.122868 0.236299
vt 0.122868 0.235669
vt 0.122932 0.235669
vt 0.122932 0.236299
vt 0.122865 0.254394
vt 0.122865 0.253765
vt 0.122976 0.253765
vt 0.122976 0.254394
vt 0.120027 0.213465
vt 0.119964 0.213465
vt 0.121225 0.192730
vt 0.120595 0.192730
vt 0.120093 0.198140
vt 0.120157 0.198140
vt 0.034787 0.062985
vt 0.034416 0.059726
vt 0.122663 0.253765
vt 0.122642 0.254416
vt 0.122642 0.253765
vt 0.122646 0.235468
vt 0.122657 0.234817
vt 0.122667 0.235468
vt 0.115193 0.247430
vt 0.115193 0.246779
vt 0.115214 0.247430
vt 0.122642 0.255269
vt 0.122642 0.254617
vt 0.122663 0.255268
vt 0.122663 0.251207
vt 0.122642 0.251858
vt 0.122642 0.251207
vt 0.115314 0.225457
vt 0.115293 0.226108
vt 0.115293 0.225457
vt 0.122663 0.252060
vt 0.122642 0.252711
vt 0.122642 0.252059
vt 0.122663 0.252912
vt 0.122642 0.253563
vt 0.122642 0.252912
vt 0.122647 0.211728
vt 0.122657 0.211077
vt 0.122667 0.211728
vt 0.122647 0.212580
vt 0.122657 0.211929
vt 0.122667 0.212580
vt 0.115436 0.246779
vt 0.115415 0.247430
vt 0.115415 0.246779
vt 0.122646 0.236320
vt 0.122656 0.235669
vt 0.122667 0.236320
vt 0.117738 0.270564
vt 0.117749 0.270602
vt 0.117749 0.272039
vt 0.117738 0.272001
vt 0.116990 0.248839
vt 0.116980 0.248839
vt 0.116980 0.247652
vt 0.116990 0.247652
vt 0.115875 0.270564
vt 0.115875 0.261133
vt 0.116626 0.261133
vt 0.116626 0.270564
vt 0.115875 0.272001
vt 0.116626 0.272001
vt 0.117083 0.261133
vt 0.117073 0.261133
vt 0.117073 0.259946
vt 0.117083 0.259946
vt 0.116636 0.261133
vt 0.116626 0.259946
vt 0.116636 0.259946
vt 0.115875 0.259946
vt 0.116768 0.258270
vt 0.116779 0.258308
vt 0.116779 0.259745
vt 0.116768 0.259707
vt 0.115865 0.270602
vt 0.115865 0.272039
vt 0.115865 0.261133
vt 0.115865 0.259946
vt 0.116779 0.248839
vt 0.116768 0.248839
vt 0.116768 0.247652
vt 0.116779 0.247652
vt 0.115876 0.258270
vt 0.115876 0.248839
vt 0.115876 0.259707
vt 0.115876 0.247652
vt 0.117850 0.217418
vt 0.117860 0.217456
vt 0.117860 0.218893
vt 0.117850 0.218855
vt 0.115865 0.258308
vt 0.115865 0.259745
vt 0.115865 0.248839
vt 0.115865 0.247652
vt 0.117860 0.207987
vt 0.117850 0.207987
vt 0.117850 0.206801
vt 0.117860 0.206801
vt 0.117019 0.217418
vt 0.117019 0.207987
vt 0.117019 0.218855
vt 0.117019 0.206801
vt 0.116390 0.217418
vt 0.116390 0.218855
vt 0.117009 0.207987
vt 0.117009 0.206801
vt 0.116400 0.207987
vt 0.116390 0.207987
vt 0.116390 0.206801
vt 0.116400 0.206801
vt 0.115560 0.217418
vt 0.115560 0.207987
vt 0.115560 0.218855
vt 0.115560 0.206801
vt 0.117701 0.258270
vt 0.117711 0.258308
vt 0.117711 0.259745
vt 0.117701 0.259707
vt 0.115549 0.217456
vt 0.115549 0.218893
vt 0.115549 0.207987
vt 0.115549 0.206801
vt 0.117711 0.248839
vt 0.117701 0.248839
vt 0.117701 0.247652
vt 0.117711 0.247652
vt 0.116990 0.258270
vt 0.116990 0.259707
vt 0.116980 0.259745
vt 0.116980 0.258308
vt 0.116636 0.270602
vt 0.116636 0.272039
vt 0.117073 0.270602
vt 0.117083 0.270564
vt 0.117083 0.272001
vt 0.117073 0.272039
vt 0.117738 0.261133
vt 0.117738 0.259946
vt 0.117749 0.259946
vt 0.117749 0.261133
vt 0.112214 0.247430
vt 0.112271 0.246779
vt 0.112271 0.247195
vt 0.122657 0.236522
vt 0.122657 0.237173
vt 0.122646 0.236757
vt 0.112289 0.247430
vt 0.122848 0.249870
vt 0.122855 0.249454
vt 0.122855 0.250105
vt 0.112490 0.247430
vt 0.112547 0.246779
vt 0.112547 0.247195
vt 0.113610 0.247195
vt 0.113610 0.246779
vt 0.113667 0.247430
vt 0.122657 0.237375
vt 0.122657 0.238026
vt 0.122646 0.237610
vt 0.112564 0.247430
vt 0.122865 0.238227
vt 0.122865 0.238879
vt 0.122859 0.238462
vt 0.122802 0.229403
vt 0.122809 0.228987
vt 0.122809 0.229638
vt 0.113592 0.247430
vt 0.122732 0.207036
vt 0.122721 0.207452
vt 0.122721 0.206801
vt 0.112766 0.247430
vt 0.112822 0.246779
vt 0.112822 0.247195
vt 0.113886 0.247195
vt 0.113886 0.246779
vt 0.113942 0.247430
vt 0.122657 0.238227
vt 0.122657 0.238879
vt 0.122646 0.238463
vt 0.112840 0.247430
vt 0.122849 0.243842
vt 0.122849 0.244493
vt 0.122842 0.244077
vt 0.116073 0.284343
vt 0.116080 0.283927
vt 0.116080 0.284578
vt 0.113868 0.247430
vt 0.122732 0.207889
vt 0.122721 0.208305
vt 0.122721 0.207654
vt 0.122849 0.249204
vt 0.122849 0.248553
vt 0.122855 0.248969
vt 0.122867 0.221226
vt 0.122860 0.221643
vt 0.122860 0.220991
vt 0.122691 0.259946
vt 0.122691 0.260598
vt 0.122680 0.260181
vt 0.122680 0.262921
vt 0.122691 0.262505
vt 0.122691 0.263156
vt 0.122857 0.219095
vt 0.122857 0.219746
vt 0.122851 0.219330
vt 0.122811 0.241381
vt 0.122818 0.240965
vt 0.122818 0.241616
vt 0.122680 0.264009
vt 0.122680 0.263357
vt 0.122691 0.263774
vt 0.122732 0.208742
vt 0.122721 0.209158
vt 0.122721 0.208506
vt 0.113041 0.247430
vt 0.113098 0.246779
vt 0.113098 0.247195
vt 0.114161 0.247195
vt 0.114161 0.246779
vt 0.114218 0.247430
vt 0.122691 0.260799
vt 0.122691 0.261450
vt 0.122680 0.261034
vt 0.113115 0.247430
vt 0.122821 0.217733
vt 0.122821 0.218384
vt 0.122814 0.217968
vt 0.122859 0.236938
vt 0.122865 0.236522
vt 0.122865 0.237173
vt 0.114144 0.247430
vt 0.122732 0.209594
vt 0.122721 0.210011
vt 0.122721 0.209359
vt 0.122865 0.237375
vt 0.122865 0.238026
vt 0.122859 0.237610
vt 0.114419 0.247430
vt 0.114437 0.246779
vt 0.114437 0.247195
vt 0.122732 0.210447
vt 0.122721 0.210863
vt 0.122721 0.210212
vt 0.114493 0.247430
vt 0.122865 0.247652
vt 0.122865 0.248304
vt 0.122858 0.247887
vt 0.115865 0.284343
vt 0.115872 0.283927
vt 0.115872 0.284578
vt 0.114695 0.247430
vt 0.114712 0.246779
vt 0.114712 0.247195
vt 0.122813 0.228321
vt 0.122802 0.228737
vt 0.122802 0.228086
vt 0.113317 0.247430
vt 0.113374 0.246779
vt 0.113374 0.247195
vt 0.114769 0.247430
vt 0.122691 0.261652
vt 0.122691 0.262303
vt 0.122680 0.261887
vt 0.113391 0.247430
vt 0.114971 0.247430
vt 0.114991 0.246779
vt 0.114991 0.247430
vt 0.122663 0.250354
vt 0.122663 0.251005
vt 0.122642 0.250355
vt 0.000234 0.995398
vt 0.000198 0.995535
vt 0.000101 0.997409
vt 0.000148 0.996846
vt 0.000220 0.995705
vt 0.000244 0.998127
vt 0.000272 0.995544
vt 0.000422 0.997360
vt 0.000284 0.995333
vt 0.000314 0.996815
vt 0.000272 0.995261
vt 0.000244 0.996644
vt 0.000601 0.010506
vt 0.000101 0.010497
vt 0.000947 0.009103
vt 0.000948 0.009745
vt 0.000462 0.012423
vt 0.000175 0.013435
vt 0.000945 0.013676
vt 0.000945 0.015056
vt 0.001430 0.012423
vt 0.001716 0.013436
vt 0.001294 0.010506
vt 0.001794 0.010498
vt 0.000762 0.010236
vt 0.000948 0.009787
vt 0.000693 0.011449
vt 0.000946 0.012320
vt 0.001200 0.011450
vt 0.001133 0.010236
vt 0.000868 0.009843
vt 0.000948 0.009588
vt 0.000837 0.010587
vt 0.000947 0.011186
vt 0.001058 0.010588
vt 0.001028 0.009843
vt 0.000919 0.009354
vt 0.000948 0.009209
vt 0.000924 0.009786
vt 0.000948 0.010173
vt 0.000971 0.009786
vt 0.000978 0.009354
vt 0.000966 0.008766
vt 0.000949 0.008683
vt 0.000971 0.009012
vt 0.000948 0.009238
vt 0.000927 0.009012
vt 0.000931 0.008766
vt 0.000978 0.008077
vt 0.000949 0.008026
vt 0.000983 0.008215
vt 0.000949 0.008335
vt 0.000916 0.008215
vt 0.000920 0.008076
vt 0.000972 0.007264
vt 0.000949 0.007230
vt 0.000976 0.007347
vt 0.000950 0.007409
vt 0.000923 0.007347
vt 0.000927 0.007264
vt 0.000963 0.006290
vt 0.000950 0.006258
vt 0.000966 0.006355
vt 0.000950 0.006394
vt 0.000935 0.006355
vt 0.000938 0.006290
vt 0.000960 0.005088
vt 0.000951 0.005028
vt 0.000962 0.005184
vt 0.000952 0.005231
vt 0.000940 0.005184
vt 0.000943 0.005088
vt 0.000977 0.003556
vt 0.000953 0.003323
vt 0.000977 0.003805
vt 0.000952 0.003906
vt 0.000927 0.003805
vt 0.000928 0.003555
vt 0.001051 0.001611
vt 0.000955 0.000101
vt 0.001041 0.002383
vt 0.000953 0.002630
vt 0.000865 0.002383
vt 0.000856 0.001611
vt 0.001363 0.001520
vt 0.000954 0.001018
vt 0.001326 0.002162
vt 0.000953 0.002434
vt 0.000580 0.002162
vt 0.000544 0.001519
vt 0.000308 0.997289
vt 0.000216 0.997137
vt 0.000231 0.997426
vt 0.000265 0.998190
vt 0.000238 0.999899
vt 0.000194 0.998116
vt 0.000213 0.994695
vt 0.000260 0.994525
vt 0.000195 0.994666
vt 0.000234 0.994520
vt 0.000277 0.994515
vt 0.000297 0.994552
vt 0.037266 0.033203
vt 0.039424 0.033203
vt 0.039424 0.035360
vt 0.037266 0.035360
vt 0.009272 0.989449
vt 0.009249 0.989774
vt 0.009182 0.991440
vt 0.009188 0.990715
vt 0.009223 0.990157
vt 0.009240 0.993484
vt 0.009216 0.989748
vt 0.009322 0.991425
vt 0.009239 0.989436
vt 0.009307 0.990691
vt 0.009275 0.989315
vt 0.009243 0.990489
vt 0.008156 0.010446
vt 0.007659 0.010438
vt 0.008499 0.009050
vt 0.008500 0.009689
vt 0.008021 0.012352
vt 0.007737 0.013359
vt 0.008503 0.013597
vt 0.008505 0.014969
vt 0.008983 0.012351
vt 0.009269 0.013357
vt 0.008845 0.010445
vt 0.009342 0.010436
vt 0.008316 0.010177
vt 0.008500 0.009730
vt 0.008250 0.011383
vt 0.008503 0.012248
vt 0.008753 0.011383
vt 0.008684 0.010177
vt 0.008420 0.009786
vt 0.008500 0.009533
vt 0.008391 0.010526
vt 0.008502 0.011121
vt 0.008610 0.010526
vt 0.008580 0.009786
vt 0.008471 0.009300
vt 0.008500 0.009156
vt 0.008477 0.009729
vt 0.008501 0.010114
vt 0.008524 0.009729
vt 0.008529 0.009300
vt 0.008517 0.008715
vt 0.008499 0.008632
vt 0.008521 0.008960
vt 0.008500 0.009186
vt 0.008478 0.008960
vt 0.008482 0.008716
vt 0.008527 0.008030
vt 0.008499 0.007980
vt 0.008533 0.008168
vt 0.008499 0.008287
vt 0.008465 0.008168
vt 0.008470 0.008030
vt 0.008520 0.007223
vt 0.008498 0.007189
vt 0.008525 0.007305
vt 0.008498 0.007366
vt 0.008472 0.007305
vt 0.008476 0.007223
vt 0.008510 0.006254
vt 0.008497 0.006222
vt 0.008513 0.006319
vt 0.008498 0.006358
vt 0.008482 0.006319
vt 0.008485 0.006254
vt 0.008505 0.005059
vt 0.008497 0.005000
vt 0.008507 0.005155
vt 0.008497 0.005201
vt 0.008486 0.005154
vt 0.008487 0.005059
vt 0.008520 0.003535
vt 0.008496 0.003304
vt 0.008520 0.003783
vt 0.008496 0.003883
vt 0.008471 0.003783
vt 0.008471 0.003535
vt 0.008591 0.001602
vt 0.008493 0.000101
vt 0.008582 0.002370
vt 0.008495 0.002615
vt 0.008407 0.002370
vt 0.008397 0.001602
vt 0.008901 0.001511
vt 0.008494 0.001012
vt 0.008865 0.002150
vt 0.008495 0.002420
vt 0.008124 0.002150
vt 0.008087 0.001512
vt 0.009294 0.990994
vt 0.009223 0.990897
vt 0.009195 0.991048
vt 0.009322 0.991494
vt 0.009342 0.992207
vt 0.009127 0.991544
vt 0.009262 0.988887
vt 0.009301 0.988690
vt 0.009206 0.989069
vt 0.009178 0.988833
vt 0.009235 0.988584
vt 0.009296 0.988580
vt 0.037310 0.044496
vt 0.039468 0.044496
vt 0.039468 0.046654
vt 0.037310 0.046654
vt 0.011077 0.966219
vt 0.011028 0.965813
vt 0.011109 0.967453
vt 0.011075 0.969423
vt 0.011029 0.965476
vt 0.011122 0.966727
vt 0.011055 0.965365
vt 0.011077 0.966522
vt 0.011107 0.965482
vt 0.011035 0.966707
vt 0.011119 0.965789
vt 0.011003 0.967427
vt 0.010028 0.010195
vt 0.009543 0.010188
vt 0.010363 0.008833
vt 0.010363 0.009456
vt 0.009897 0.012055
vt 0.009619 0.013038
vt 0.010367 0.013270
vt 0.010368 0.014608
vt 0.010835 0.012054
vt 0.011114 0.013036
vt 0.010701 0.010195
vt 0.011186 0.010186
vt 0.010184 0.009933
vt 0.010364 0.009497
vt 0.010119 0.011111
vt 0.010366 0.011954
vt 0.010611 0.011110
vt 0.010544 0.009933
vt 0.010286 0.009552
vt 0.010364 0.009304
vt 0.010258 0.010274
vt 0.010365 0.010854
vt 0.010472 0.010273
vt 0.010442 0.009552
vt 0.010335 0.009077
vt 0.010364 0.008937
vt 0.010341 0.009496
vt 0.010365 0.009872
vt 0.010387 0.009496
vt 0.010392 0.009077
vt 0.010380 0.008507
vt 0.010363 0.008426
vt 0.010385 0.008745
vt 0.010363 0.008965
vt 0.010342 0.008746
vt 0.010347 0.008507
vt 0.010391 0.007839
vt 0.010363 0.007789
vt 0.010396 0.007972
vt 0.010363 0.008089
vt 0.010330 0.007972
vt 0.010335 0.007838
vt 0.010384 0.007051
vt 0.010362 0.007017
vt 0.010388 0.007130
vt 0.010362 0.007190
vt 0.010336 0.007130
vt 0.010340 0.007050
vt 0.010374 0.006105
vt 0.010361 0.006074
vt 0.010377 0.006168
vt 0.010362 0.006206
vt 0.010347 0.006168
vt 0.010349 0.006105
vt 0.010370 0.004939
vt 0.010361 0.004881
vt 0.010371 0.005032
vt 0.010361 0.005078
vt 0.010350 0.005032
vt 0.010352 0.004939
vt 0.010384 0.003452
vt 0.010360 0.003226
vt 0.010383 0.003694
vt 0.010360 0.003792
vt 0.010336 0.003694
vt 0.010336 0.003452
vt 0.010452 0.001566
vt 0.010357 0.000101
vt 0.010445 0.002315
vt 0.010359 0.002555
vt 0.010272 0.002315
vt 0.010264 0.001566
vt 0.010756 0.001477
vt 0.010358 0.000991
vt 0.010720 0.002100
vt 0.010359 0.002364
vt 0.009997 0.002101
vt 0.009961 0.001478
vt 0.011013 0.967051
vt 0.011063 0.967574
vt 0.011003 0.968136
vt 0.011061 0.966886
vt 0.011121 0.967032
vt 0.011149 0.967581
vt 0.010982 0.964966
vt 0.011105 0.965059
vt 0.010978 0.964817
vt 0.011055 0.964661
vt 0.011144 0.964649
vt 0.011186 0.964875
vt 0.037310 0.046761
vt 0.039468 0.046761
vt 0.039468 0.048918
vt 0.037310 0.048918
vt 0.007388 0.991824
vt 0.007355 0.991668
vt 0.007437 0.993472
vt 0.007457 0.994154
vt 0.007341 0.991495
vt 0.007361 0.992982
vt 0.007358 0.991410
vt 0.007358 0.992826
vt 0.007375 0.991495
vt 0.007348 0.993011
vt 0.007374 0.991702
vt 0.007238 0.993535
vt 0.006270 0.010466
vt 0.005771 0.010458
vt 0.006613 0.009067
vt 0.006613 0.009707
vt 0.006134 0.012376
vt 0.005849 0.013385
vt 0.006617 0.013623
vt 0.006618 0.014998
vt 0.007097 0.012375
vt 0.007385 0.013383
vt 0.006959 0.010465
vt 0.007457 0.010456
vt 0.006429 0.010197
vt 0.006613 0.009749
vt 0.006363 0.011405
vt 0.006616 0.012272
vt 0.006867 0.011405
vt 0.006799 0.010197
vt 0.006534 0.009805
vt 0.006614 0.009551
vt 0.006505 0.010547
vt 0.006615 0.011143
vt 0.006724 0.010546
vt 0.006694 0.009805
vt 0.006584 0.009318
vt 0.006613 0.009173
vt 0.006590 0.009748
vt 0.006614 0.010134
vt 0.006638 0.009748
vt 0.006643 0.009318
vt 0.006630 0.008732
vt 0.006613 0.008649
vt 0.006635 0.008977
vt 0.006614 0.009203
vt 0.006592 0.008977
vt 0.006595 0.008732
vt 0.006641 0.008046
vt 0.006613 0.007995
vt 0.006647 0.008183
vt 0.006612 0.008303
vt 0.006578 0.008184
vt 0.006583 0.008046
vt 0.006635 0.007236
vt 0.006612 0.007203
vt 0.006639 0.007319
vt 0.006612 0.007380
vt 0.006585 0.007319
vt 0.006589 0.007236
vt 0.006624 0.006266
vt 0.006611 0.006234
vt 0.006627 0.006331
vt 0.006611 0.006370
vt 0.006596 0.006331
vt 0.006599 0.006266
vt 0.006619 0.005069
vt 0.006610 0.005009
vt 0.006621 0.005165
vt 0.006610 0.005211
vt 0.006600 0.005164
vt 0.006602 0.005069
vt 0.006634 0.003542
vt 0.006609 0.003310
vt 0.006634 0.003790
vt 0.006609 0.003891
vt 0.006584 0.003790
vt 0.006584 0.003542
vt 0.006704 0.001605
vt 0.006606 0.000101
vt 0.006696 0.002374
vt 0.006609 0.002620
vt 0.006520 0.002374
vt 0.006511 0.001605
vt 0.007016 0.001513
vt 0.006607 0.001015
vt 0.006979 0.002154
vt 0.006608 0.002424
vt 0.006237 0.002154
vt 0.006199 0.001514
vt 0.007440 0.993600
vt 0.007356 0.994478
vt 0.007370 0.996165
vt 0.007361 0.993287
vt 0.007287 0.993557
vt 0.007404 0.994353
vt 0.007314 0.990778
vt 0.007385 0.990800
vt 0.007312 0.990710
vt 0.007357 0.990706
vt 0.007407 0.990673
vt 0.007428 0.990677
vt 0.037312 0.037699
vt 0.039470 0.037699
vt 0.039470 0.039857
vt 0.037312 0.039857
vt 0.003528 0.992072
vt 0.003542 0.991951
vt 0.003681 0.993784
vt 0.003461 0.994403
vt 0.003540 0.991743
vt 0.003570 0.993260
vt 0.003557 0.991658
vt 0.003559 0.993075
vt 0.003574 0.991744
vt 0.003556 0.993231
vt 0.003560 0.991916
vt 0.003481 0.993721
vt 0.002493 0.010468
vt 0.001995 0.010460
vt 0.002838 0.009070
vt 0.002838 0.009710
vt 0.002358 0.012379
vt 0.002073 0.013387
vt 0.002840 0.013627
vt 0.002840 0.015002
vt 0.003322 0.012378
vt 0.003608 0.013387
vt 0.003183 0.010468
vt 0.003681 0.010459
vt 0.002653 0.010200
vt 0.002838 0.009752
vt 0.002586 0.011408
vt 0.002840 0.012275
vt 0.003091 0.011408
vt 0.003022 0.010200
vt 0.002758 0.009808
vt 0.002837 0.009554
vt 0.002729 0.010549
vt 0.002839 0.011146
vt 0.002948 0.010549
vt 0.002918 0.009808
vt 0.002808 0.009320
vt 0.002837 0.009176
vt 0.002814 0.009751
vt 0.002838 0.010137
vt 0.002861 0.009751
vt 0.002867 0.009320
vt 0.002854 0.008734
vt 0.002837 0.008651
vt 0.002859 0.008979
vt 0.002837 0.009206
vt 0.002816 0.008979
vt 0.002820 0.008734
vt 0.002865 0.008048
vt 0.002837 0.007997
vt 0.002870 0.008185
vt 0.002837 0.008305
vt 0.002803 0.008185
vt 0.002808 0.008048
vt 0.002859 0.007239
vt 0.002835 0.007205
vt 0.002862 0.007321
vt 0.002836 0.007382
vt 0.002809 0.007321
vt 0.002813 0.007239
vt 0.002848 0.006267
vt 0.002836 0.006236
vt 0.002851 0.006332
vt 0.002835 0.006371
vt 0.002820 0.006333
vt 0.002823 0.006267
vt 0.002843 0.005070
vt 0.002834 0.005011
vt 0.002845 0.005166
vt 0.002834 0.005213
vt 0.002824 0.005166
vt 0.002826 0.005070
vt 0.002858 0.003543
vt 0.002833 0.003312
vt 0.002858 0.003791
vt 0.002833 0.003892
vt 0.002809 0.003791
vt 0.002808 0.003543
vt 0.002929 0.001605
vt 0.002831 0.000101
vt 0.002920 0.002375
vt 0.002833 0.002621
vt 0.002744 0.002375
vt 0.002735 0.001605
vt 0.003240 0.001514
vt 0.002831 0.001015
vt 0.003204 0.002154
vt 0.002833 0.002425
vt 0.002460 0.002155
vt 0.002423 0.001515
vt 0.003632 0.993805
vt 0.003515 0.994602
vt 0.003553 0.996414
vt 0.003557 0.993535
vt 0.003479 0.993850
vt 0.003563 0.994726
vt 0.003486 0.990925
vt 0.003529 0.991047
vt 0.003507 0.990921
vt 0.003557 0.990954
vt 0.003601 0.990958
vt 0.003600 0.991026
vt 0.037330 0.051007
vt 0.039488 0.051007
vt 0.039488 0.053164
vt 0.037330 0.053164
vt 0.003953 0.991832
vt 0.003967 0.991710
vt 0.004103 0.993543
vt 0.003883 0.994161
vt 0.003966 0.991503
vt 0.003992 0.993019
vt 0.003984 0.991417
vt 0.003983 0.992834
vt 0.003999 0.991503
vt 0.003980 0.992990
vt 0.003986 0.991675
vt 0.003904 0.993480
vt 0.004381 0.010466
vt 0.003883 0.010457
vt 0.004728 0.009068
vt 0.004727 0.009708
vt 0.004243 0.012374
vt 0.003956 0.013383
vt 0.004724 0.013623
vt 0.004722 0.014998
vt 0.005207 0.012376
vt 0.005492 0.013385
vt 0.005071 0.010466
vt 0.005570 0.010458
vt 0.004542 0.010197
vt 0.004727 0.009749
vt 0.004473 0.011405
vt 0.004725 0.012272
vt 0.004978 0.011405
vt 0.004911 0.010197
vt 0.004647 0.009805
vt 0.004727 0.009551
vt 0.004616 0.010547
vt 0.004725 0.011142
vt 0.004836 0.010547
vt 0.004806 0.009805
vt 0.004698 0.009318
vt 0.004727 0.009173
vt 0.004703 0.009748
vt 0.004727 0.010134
vt 0.004750 0.009748
vt 0.004756 0.009318
vt 0.004745 0.008733
vt 0.004728 0.008649
vt 0.004749 0.008977
vt 0.004727 0.009203
vt 0.004706 0.008977
vt 0.004710 0.008732
vt 0.004757 0.008046
vt 0.004729 0.007995
vt 0.004762 0.008183
vt 0.004728 0.008303
vt 0.004694 0.008184
vt 0.004699 0.008046
vt 0.004752 0.007237
vt 0.004729 0.007203
vt 0.004755 0.007319
vt 0.004728 0.007380
vt 0.004702 0.007319
vt 0.004706 0.007237
vt 0.004742 0.006266
vt 0.004730 0.006234
vt 0.004745 0.006331
vt 0.004729 0.006370
vt 0.004714 0.006331
vt 0.004717 0.006266
vt 0.004739 0.005069
vt 0.004731 0.005009
vt 0.004741 0.005164
vt 0.004730 0.005211
vt 0.004720 0.005164
vt 0.004722 0.005069
vt 0.004756 0.003542
vt 0.004732 0.003310
vt 0.004756 0.003790
vt 0.004731 0.003891
vt 0.004706 0.003790
vt 0.004707 0.003542
vt 0.004830 0.001605
vt 0.004734 0.000101
vt 0.004820 0.002375
vt 0.004732 0.002620
vt 0.004644 0.002374
vt 0.004636 0.001605
vt 0.005142 0.001514
vt 0.004734 0.001014
vt 0.005104 0.002154
vt 0.004732 0.002425
vt 0.004361 0.002154
vt 0.004324 0.001514
vt 0.004054 0.993565
vt 0.003936 0.994361
vt 0.003971 0.996172
vt 0.003980 0.993294
vt 0.003901 0.993608
vt 0.003985 0.994485
vt 0.003913 0.990684
vt 0.003955 0.990808
vt 0.003933 0.990681
vt 0.003984 0.990713
vt 0.004029 0.990718
vt 0.004027 0.990785
vt 0.037351 0.022863
vt 0.039509 0.022863
vt 0.039509 0.025021
vt 0.037351 0.025021
s 1
usemtl Material.002
f 1/1/1 2/2/2 3/3/3 4/4/4
f 5/5/5 6/6/6 7/7/7 8/8/8
f 8/9/8 7/10/7 1/11/1 4/12/4
f 9/13/9 10/14/9 11/15/9 12/16/9
f 13/17/10 14/18/11 15/19/12 16/20/13
f 17/21/14 16/20/13 15/19/12 18/22/14
f 19/23/14 18/22/14 15/19/12 20/24/14
f 21/25/14 20/24/14 15/19/12 22/26/14
f 23/27/14 22/26/14 15/19/12 24/28/14
f 25/29/14 24/28/14 15/19/12 26/30/14
f 27/31/14 26/30/14 15/19/12 28/32/14
f 29/33/14 28/32/14 15/19/12 30/34/14
f 31/35/14 30/34/14 15/19/12 32/36/14
f 33/37/14 32/36/14 15/19/12 34/38/14
f 35/39/14 34/38/14 15/19/12 36/40/14
f 37/41/14 36/40/14 15/19/12 38/42/15
f 39/43/16 38/42/15 15/19/12 40/44/17
f 3/45/3 5/46/5 8/47/8 4/48/4
s 0
f 39/49/9 41/50/9 42/51/9 43/52/9
f 44/53/9 45/54/9 42/51/9 41/50/9
f 46/55/9 14/56/9 47/57/9 48/58/9
f 13/59/9 49/60/9 47/57/9 14/56/9
s 1
f 50/61/9 51/62/9 52/63/9 53/64/9
f 52/63/9 54/65/9 53/64/9
f 53/64/9 55/66/9 56/67/9 50/61/9
f 50/61/9 56/67/9 57/68/9
s 0
f 58/69/9 51/62/9 50/61/9 59/70/9
f 35/71/9 60/72/9 61/73/9 34/74/9
f 33/75/9 55/66/9 53/64/9 32/76/9
s 1
f 62/77/9 63/78/9 64/79/9 65/80/9
s 0
f 66/81/9 67/82/9 68/83/9 69/84/9
f 31/85/9 70/86/9 71/87/9 30/88/9
s 1
f 72/89/9 73/90/9 74/91/9 75/92/9
f 74/91/9 76/93/9 75/92/9
f 75/92/9 77/94/9 78/95/9 72/89/9
f 72/89/9 78/95/9 79/96/9
s 0
f 80/97/9 73/90/9 72/89/9 81/98/9
f 29/99/9 77/94/9 75/92/9 28/100/9
s 1
f 82/101/9 83/102/9 84/103/9 85/104/9
s 0
f 86/105/9 87/106/9 88/107/9 89/108/9
f 27/109/9 90/110/9 91/111/9 26/112/9
s 1
f 92/113/9 93/114/9 94/115/9 95/116/9
f 94/115/9 96/117/9 95/116/9
f 95/116/9 97/118/9 98/119/9 92/113/9
f 92/113/9 98/119/9 99/120/9
s 0
f 100/121/9 93/114/9 92/113/9 101/122/9
f 25/123/9 97/118/9 95/116/9 24/124/9
s 1
f 102/125/9 103/126/9 104/127/9 105/128/9
s 0
f 106/129/9 107/130/9 108/131/9 109/132/9
f 23/133/9 110/134/9 111/135/9 22/136/9
s 1
f 112/137/9 113/138/9 114/139/9 115/140/9
f 114/139/9 116/141/9 115/140/9
f 115/140/9 117/142/9 118/143/9 112/137/9
f 112/137/9 118/143/9 119/144/9
s 0
f 120/145/9 113/138/9 112/137/9 121/146/9
f 21/147/9 117/142/9 115/140/9 20/148/9
s 1
f 122/149/9 123/150/9 124/151/9 125/152/9
s 0
f 126/153/9 127/154/9 128/155/9 129/156/9
f 19/157/9 130/158/9 131/159/9 18/160/9
s 1
f 132/161/9 133/162/9 134/163/9 135/164/9
f 134/163/9 136/165/9 135/164/9
f 135/164/9 137/166/9 138/167/9 132/161/9
f 132/161/9 138/167/9 139/168/9
s 0
f 140/169/9 133/162/9 132/161/9 141/170/9
f 17/171/9 137/166/9 135/164/9 16/172/9
s 1
f 142/173/9 143/174/9 144/175/9 145/176/9
s 0
f 146/177/9 46/55/9 48/58/9 147/178/9
s 1
f 148/179/9 149/180/9 150/181/9 151/182/9
s 0
f 152/183/9 153/184/9 154/185/9 155/186/9
f 37/187/9 156/188/9 157/189/9 36/190/9
s 1
f 158/191/9 159/192/9 160/193/9 157/189/9
f 160/193/9 161/194/9 157/189/9
f 157/189/9 156/188/9 162/195/9 158/191/9
f 158/191/9 162/195/9 163/196/9
s 0
f 164/197/9 159/192/9 158/191/9 165/198/9
f 38/199/9 39/49/9 43/52/9 166/200/9
f 43/201/18 42/202/18 12/202/18 11/201/18
f 45/203/19 167/204/19 9/204/19 42/202/19
f 42/202/20 9/204/20 12/202/20
f 163/205/21 162/206/21 168/207/21 10/208/21
f 163/205/21 10/208/21 9/209/21 167/210/21
f 43/201/22 11/201/22 10/211/22 166/212/22
f 166/212/23 10/211/23 168/211/23
f 68/213/24 67/214/24 169/215/24 62/215/24
f 68/213/25 62/215/25 65/216/25 170/216/25
f 79/217/21 78/218/21 171/219/21 63/220/21
f 79/217/21 63/220/21 62/221/21 169/222/21
f 71/223/26 70/224/26 172/225/26 64/225/26
f 71/223/26 64/225/26 63/226/26 171/226/26
f 54/227/18 52/228/18 170/229/18 65/230/18
f 54/227/18 65/230/18 64/231/18 172/232/18
f 88/233/27 87/234/27 173/235/27 82/235/27
f 88/233/28 82/235/28 85/236/28 174/236/28
f 99/237/21 98/238/21 175/239/21 83/240/21
f 99/237/21 83/240/21 82/241/21 173/242/21
f 91/243/26 90/244/26 176/245/26 84/245/26
f 91/243/26 84/245/26 83/246/26 175/246/26
f 76/247/18 74/248/18 174/249/18 85/250/18
f 76/247/18 85/250/18 84/251/18 176/252/18
f 108/253/14 107/254/14 177/255/14 102/256/14
f 108/253/14 102/256/14 105/257/14 178/258/14
f 119/259/21 118/260/21 179/261/21 103/262/21
f 119/259/21 103/262/21 102/263/21 177/264/21
f 111/265/26 110/266/26 180/267/26 104/268/26
f 111/265/26 104/268/26 103/269/26 179/270/26
f 96/271/18 94/272/18 178/273/18 105/274/18
f 96/271/18 105/274/18 104/275/18 180/276/18
f 128/277/29 127/278/29 181/279/29 122/279/29
f 128/277/30 122/279/30 125/280/30 182/280/30
f 139/281/21 138/282/21 183/283/21 123/284/21
f 139/281/21 123/284/21 122/285/21 181/286/21
f 131/287/26 130/288/26 184/289/26 124/289/26
f 131/287/26 124/289/26 123/290/26 183/290/26
f 116/291/18 114/292/18 182/293/18 125/294/18
f 116/291/18 125/294/18 124/295/18 184/296/18
f 48/297/21 47/298/21 143/298/21 142/297/21
f 49/299/31 185/300/31 144/300/31 47/298/31
f 47/298/32 144/300/32 143/298/32
f 136/301/18 134/302/18 186/303/18 145/304/18
f 136/301/18 145/304/18 144/305/18 185/306/18
f 48/297/20 142/297/20 145/307/20 147/308/20
f 147/308/33 145/307/33 186/307/33
f 61/309/26 60/310/26 187/311/26 150/312/26
f 61/309/26 150/312/26 149/313/26 188/314/26
f 161/315/18 160/316/18 189/317/18 151/318/18
f 161/315/18 151/318/18 150/319/18 187/320/18
f 154/321/34 153/322/34 190/323/34 148/323/34
f 154/321/35 148/323/35 151/324/35 189/324/35
f 57/325/21 56/326/21 188/327/21 149/328/21
f 57/325/21 149/328/21 148/329/21 190/330/21
s 1
f 41/331/36 39/332/16 40/333/17 191/334/37
f 14/335/11 46/336/38 192/337/39 15/338/12
f 192/339/39 46/340/38 146/341/40 140/342/41
f 192/339/39 140/342/41 141/343/42 120/344/42
f 141/343/42 126/345/43 129/346/43 120/344/42
f 192/339/39 120/344/42 121/347/26 106/348/26
f 192/339/39 106/348/26 109/349/26 100/350/26
f 192/339/39 100/350/26 101/351/42 80/352/42
f 101/351/42 86/353/43 89/354/43 80/352/42
f 192/339/39 80/352/42 81/355/42 58/356/42
f 81/355/42 66/357/43 69/358/43 58/356/42
f 192/339/39 58/356/42 59/359/42 164/360/44
f 59/359/42 152/361/43 155/362/43 164/360/44
f 192/339/39 164/360/44 165/363/45 41/364/36
f 165/363/45 44/365/43 41/364/36
f 192/339/39 41/364/36 191/366/37
f 5/367/5 3/368/3 2/369/2 6/370/6
s 0
f 193/371/46 2/2/46 1/1/46 194/372/46
f 195/373/47 7/374/47 6/375/47 196/376/47
f 194/377/48 1/11/48 7/10/48 195/378/48
f 193/379/49 40/44/49 15/19/49 196/380/49
f 194/372/50 191/381/50 40/382/50 193/371/50
f 196/383/51 15/384/51 192/385/51 195/386/51
f 195/378/52 192/339/52 191/366/52 194/377/52
f 196/380/53 6/370/53 2/369/53 193/379/53
s 1
f 197/387/4 198/388/54 199/389/55 200/390/56
f 201/391/14 202/392/14 203/393/14 204/394/14
f 200/395/56 205/396/57 206/397/58 197/398/4
f 200/399/56 199/400/55 207/401/59 205/402/57
f 207/401/59 208/403/9 205/402/57
f 199/404/55 198/405/54 209/406/60 210/407/18
f 199/404/55 210/407/18 207/408/59
f 197/409/4 206/410/58 209/411/60 198/412/54
f 211/413/43 212/414/43 213/415/43 214/416/43
s 0
f 210/417/14 215/418/14 216/419/14 217/420/14
f 218/421/18 219/422/18 220/423/18 221/424/18
f 206/425/26 222/426/26 223/427/26 209/428/26
s 1
f 224/429/21 225/430/21 226/431/21 227/432/21
f 224/429/21 227/432/21 228/433/21 229/434/21
s 0
f 217/435/21 208/436/21 202/437/21 201/438/21
f 208/439/9 207/440/9 203/441/9 202/442/9
f 207/443/18 210/444/18 204/445/18 203/446/18
f 210/447/43 217/448/43 201/449/43 204/450/43
f 208/451/14 217/420/14 227/452/14 226/453/14
f 216/419/14 228/454/14 227/452/14 217/420/14
f 211/413/43 214/416/43 230/455/43 231/456/43
f 232/457/61 233/458/61 234/457/61 235/457/61
f 206/425/26 205/459/26 225/460/26 224/461/26
f 205/462/9 208/463/9 226/464/9 225/465/9
f 236/466/43 237/467/43 238/468/43 239/469/43
f 223/427/26 219/470/26 218/471/26 209/428/26
f 213/415/43 212/414/43 240/472/43 241/473/43
f 242/474/62 243/475/62 244/474/62 245/474/62
f 210/476/21 209/477/21 246/478/21 247/479/21
f 209/428/26 218/471/26 248/480/26 246/481/26
f 218/421/18 221/424/18 249/482/18 248/483/18
f 221/484/14 210/417/14 247/485/14 249/486/14
s 1
f 250/487/4 251/488/8 252/489/55 253/490/56
f 254/491/14 255/492/14 256/493/14 257/494/14
f 253/490/56 258/495/57 259/496/58 250/487/4
f 253/490/56 252/489/55 260/497/59 258/495/57
f 260/497/59 261/498/9 258/495/57
f 252/489/55 251/488/8 262/499/60 263/500/18
f 252/489/55 263/500/18 260/497/59
f 250/487/4 259/496/58 262/499/60 251/488/8
f 264/501/43 265/502/43 266/503/43 267/504/43
s 0
f 262/499/18 271/505/18 268/506/18 263/500/18
f 259/496/26 272/507/26 271/505/26 262/499/26
s 1
f 273/508/21 274/509/21 275/510/21 276/511/21
f 273/508/21 276/511/21 277/512/21 278/513/21
s 0
f 261/498/14 270/514/14 276/511/14 275/510/14
f 269/515/14 277/512/14 276/511/14 270/514/14
f 264/501/43 267/504/43 279/516/43 280/517/43
f 281/518/63 282/519/63 283/520/63 284/521/63
f 259/496/26 258/495/26 274/509/26 273/508/26
f 285/522/9 286/523/9 287/524/9 288/525/9
f 270/514/21 261/498/21 255/492/21 254/491/21
f 289/526/9 290/527/9 291/528/9 292/529/9
f 260/497/18 263/500/18 257/494/18 256/493/18
f 293/530/43 294/531/43 295/532/43 296/533/43
f 261/498/26 260/497/26 290/527/26 289/526/26
f 260/497/18 256/493/18 291/528/18 290/527/18
f 256/493/14 255/492/14 292/529/14 291/528/14
f 255/492/21 261/498/21 289/526/21 292/529/21
s 1
f 297/534/64 298/535/8 299/536/55 300/537/65
f 301/538/14 302/539/66 303/540/67 304/541/6
f 305/542/21 306/543/21 307/544/21 308/545/21
f 300/546/65 299/547/55 303/548/67 309/549/9
f 303/548/67 302/550/66 309/549/9
f 299/551/55 298/552/8 310/553/60 304/554/6
f 299/551/55 304/554/6 303/555/67
f 297/556/64 311/557/43 310/558/60 298/559/8
f 312/560/43 313/561/43 314/562/43 315/563/43
s 0
f 316/564/14 317/565/14 318/566/14 319/567/14
f 310/568/18 320/569/18 321/570/18 304/571/18
f 311/572/26 322/573/26 320/574/26 310/575/26
s 1
f 323/576/21 324/577/21 325/578/21 326/579/21
f 323/576/21 326/579/21 327/580/21 328/581/21
s 0
f 297/534/26 300/537/26 305/582/26 308/583/26
f 300/546/9 309/549/9 306/584/9 305/585/9
f 309/586/14 311/587/14 307/588/14 306/589/14
f 311/557/43 297/556/43 308/590/43 307/591/43
f 301/592/9 304/593/9 316/594/9 319/595/9
f 321/570/18 317/596/18 316/597/18 304/571/18
f 313/561/43 312/560/43 329/598/43 330/599/43
f 331/600/68 332/601/68 333/602/68 334/602/68
s 1
f 335/603/4 336/604/54 337/605/69 338/606/56
f 339/607/14 340/608/66 341/609/70 342/610/6
f 338/611/56 343/612/57 344/613/58 335/614/4
f 338/615/56 337/616/69 341/617/70 343/618/57
f 341/617/70 340/619/66 343/618/57
f 337/620/69 336/621/54 345/622/60 342/623/6
f 337/620/69 342/623/6 341/624/70
f 335/625/4 344/626/58 345/627/60 336/628/54
f 346/629/43 347/630/43 348/631/43 349/632/43
s 0
f 342/610/14 350/633/14 351/634/14 339/607/14
f 352/635/18 353/636/18 354/637/18 355/638/18
f 344/639/26 356/640/26 357/641/26 345/642/26
s 1
f 358/643/21 359/644/21 360/645/21 361/646/21
f 358/643/21 361/646/21 362/647/21 363/648/21
s 0
f 364/649/9 365/650/9 366/651/9 367/652/9
f 357/641/26 353/653/26 352/654/26 345/642/26
f 348/631/43 347/630/43 368/655/43 369/656/43
f 370/657/71 371/658/71 372/657/71 373/657/71
f 340/608/14 339/607/14 361/659/14 360/660/14
f 351/634/14 362/661/14 361/659/14 339/607/14
f 346/629/43 349/632/43 374/662/43 375/663/43
f 376/664/72 377/665/72 378/664/72 379/664/72
f 344/639/26 343/666/26 359/667/26 358/668/26
f 380/669/9 381/670/9 382/671/9 383/672/9
f 342/673/21 345/674/21 384/675/21 385/676/21
f 345/642/26 352/654/26 386/677/26 384/678/26
f 352/635/18 355/638/18 387/679/18 386/680/18
f 355/681/14 342/610/14 385/682/14 387/683/14
f 343/684/18 340/685/18 388/686/18 389/687/18
f 340/608/14 360/660/14 390/688/14 388/689/14
f 360/645/21 359/644/21 391/690/21 390/691/21
f 359/667/26 343/666/26 389/692/26 391/693/26
s 1
f 392/694/26 393/695/26 394/696/26 395/697/26
f 396/698/73 397/699/74 398/700/75 399/701/76
f 400/702/77 401/703/77 402/704/58 403/705/58
f 404/706/59 405/707/59 401/708/77 400/709/77
f 406/710/78 407/711/78 405/712/59 404/713/59
f 403/714/58 402/715/58 407/716/78 406/717/78
f 408/718/43 409/719/43 410/720/43 411/721/43
s 0
f 399/701/14 412/722/14 413/723/14 396/698/14
f 399/724/18 414/725/18 415/726/18 412/727/18
f 416/728/26 417/729/26 415/730/26 414/731/26
s 1
f 416/732/79 418/733/77 397/734/74 396/735/73
f 416/732/79 396/735/73 413/736/21 417/737/21
f 418/738/77 416/739/79 419/740/58 420/741/77
f 421/742/59 398/743/75 397/744/74 418/745/77
f 421/742/59 418/745/77 420/746/77
f 414/747/80 399/748/76 398/749/75 422/750/78
f 422/750/78 398/749/75 421/751/59
f 416/752/79 414/753/80 422/754/78 419/755/58
s 0
f 393/695/26 392/694/26 423/756/26 424/757/26
f 392/694/26 395/697/26 425/758/26 423/756/26
f 395/697/26 394/696/26 426/759/26 425/758/26
f 394/696/26 393/695/26 424/757/26 426/759/26
f 420/760/14 419/761/14 427/762/14 428/763/14
f 419/761/14 422/764/14 429/765/14 427/762/14
f 422/764/14 421/766/14 430/767/14 429/765/14
f 421/766/14 420/760/14 428/763/14 430/767/14
s 1
f 431/768/26 432/769/26 433/770/26 434/771/26
f 435/772/73 436/773/2 437/774/6 438/775/76
f 439/776/77 440/777/77 441/778/58 442/779/58
f 443/780/9 444/781/9 440/782/77 439/783/77
f 445/784/18 446/785/18 447/786/18 448/787/18
f 442/788/58 441/789/58 449/790/43 450/791/43
f 451/792/43 452/793/43 453/794/43 454/795/43
s 0
f 438/775/14 455/796/14 456/797/14 435/772/14
f 457/798/18 458/799/18 459/800/18 460/801/18
f 461/802/26 462/803/26 463/804/26 464/805/26
s 1
f 461/806/79 465/807/21 436/808/2 435/809/73
f 461/806/79 435/809/73 456/810/21 462/811/21
f 465/812/21 461/813/79 466/814/58 467/815/21
f 468/816/9 469/817/9 470/818/9 471/819/9
f 468/816/9 471/819/9 472/820/9
f 464/821/80 438/822/76 437/823/6 473/824/78
f 473/824/78 437/823/6 474/825/18
f 461/826/79 464/827/80 473/828/78 466/829/58
s 0
f 432/769/26 431/768/26 442/830/26 450/831/26
f 431/768/26 434/771/26 439/832/26 442/830/26
f 434/771/26 433/770/26 443/833/26 439/832/26
f 433/770/26 432/769/26 450/831/26 443/833/26
f 467/834/14 466/835/14 441/836/14 440/837/14
f 466/835/14 473/838/14 449/839/14 441/836/14
f 473/838/14 474/840/14 444/841/14 449/839/14
f 474/840/14 467/834/14 440/837/14 444/841/14
f 444/781/9 443/780/9 475/842/9 476/843/9
f 443/833/26 450/831/26 477/844/26 475/845/26
f 450/791/43 449/790/43 478/846/43 477/847/43
f 449/839/14 444/841/14 476/848/14 478/849/14
f 438/850/81 464/851/81 479/852/81 480/853/81
f 463/804/26 481/854/26 479/855/26 464/805/26
f 453/794/43 452/793/43 482/856/43 483/857/43
f 484/858/82 485/859/82 486/858/82 487/858/82
f 437/774/14 436/773/14 488/860/14 489/861/14
f 436/808/21 465/807/21 490/862/21 488/863/21
f 465/812/21 467/815/21 491/864/21 490/865/21
f 467/866/26 474/867/26 492/868/26 491/869/26
f 474/825/18 437/823/18 489/870/18 492/871/18
s 1
f 493/872/26 494/873/26 495/874/26 496/875/26
f 497/876/73 498/877/74 499/878/75 500/879/76
f 501/880/77 502/881/77 503/882/58 504/883/58
f 505/884/59 506/885/59 502/886/77 501/887/77
f 507/888/78 508/889/78 506/890/59 505/891/59
f 504/892/58 503/893/58 508/894/78 507/895/78
f 509/896/43 510/897/43 511/898/43 512/899/43
s 0
f 500/879/14 513/900/14 514/901/14 497/876/14
f 500/902/18 515/903/18 516/904/18 513/905/18
f 517/906/26 518/907/26 516/908/26 515/909/26
s 1
f 517/910/79 519/911/77 498/912/74 497/913/73
f 517/910/79 497/913/73 514/914/21 518/915/21
f 519/916/77 517/917/79 520/918/58 521/919/77
f 522/920/59 499/921/75 498/922/74 519/923/77
f 522/920/59 519/923/77 521/924/77
f 515/925/80 500/926/76 499/927/75 523/928/78
f 523/928/78 499/927/75 522/929/59
f 517/930/79 515/931/80 523/932/78 520/933/58
s 0
f 494/873/26 493/872/26 524/934/26 525/935/26
f 493/872/26 496/875/26 526/936/26 524/934/26
f 496/875/26 495/874/26 527/937/26 526/936/26
f 495/874/26 494/873/26 525/935/26 527/937/26
f 521/938/14 520/939/14 528/940/14 529/941/14
f 520/939/14 523/942/14 530/943/14 528/940/14
f 523/942/14 522/944/14 531/945/14 530/943/14
f 522/944/14 521/938/14 529/941/14 531/945/14
s 1
f 532/946/26 533/947/26 534/948/26 535/949/26
f 536/950/73 537/951/2 538/952/6 539/953/76
f 540/954/77 541/955/77 542/956/58 543/957/58
f 544/958/9 545/959/9 541/960/77 540/961/77
f 546/962/18 547/963/18 548/964/18 549/965/18
f 543/966/58 542/967/58 550/968/43 551/969/43
f 552/970/43 553/971/43 554/972/43 555/973/43
s 0
f 556/974/14 557/975/14 558/976/14 559/977/14
f 539/978/18 560/979/18 561/980/18 562/981/18
f 563/982/26 564/983/26 561/984/26 560/985/26
s 1
f 563/986/79 565/987/21 537/988/2 536/989/73
f 563/986/79 536/989/73 566/990/21 564/991/21
f 565/992/21 563/993/79 567/994/58 568/995/21
f 569/996/9 570/997/9 571/998/9 572/999/9
f 569/996/9 572/999/9 573/1000/9
f 560/1001/80 539/1002/76 538/1003/6 574/1004/78
f 574/1004/78 538/1003/6 575/1005/18
f 563/1006/79 560/1007/80 574/1008/78 567/1009/58
s 0
f 533/947/26 532/946/26 543/1010/26 551/1011/26
f 532/946/26 535/949/26 540/1012/26 543/1010/26
f 535/949/26 534/948/26 544/1013/26 540/1012/26
f 534/948/26 533/947/26 551/1011/26 544/1013/26
f 568/1014/14 567/1015/14 542/1016/14 541/1017/14
f 567/1015/14 574/1018/14 550/1019/14 542/1016/14
f 574/1018/14 575/1020/14 545/1021/14 550/1019/14
f 575/1020/14 568/1014/14 541/1017/14 545/1021/14
f 545/959/9 544/958/9 549/1022/9 548/1023/9
f 544/1013/26 551/1011/26 546/1024/26 549/1025/26
f 551/969/43 550/968/43 547/1026/43 546/1027/43
f 550/1019/14 545/1021/14 548/1028/14 547/1029/14
f 536/1030/9 539/1031/9 556/1032/9 559/1033/9
f 562/981/18 557/1034/18 556/1035/18 539/978/18
f 553/971/43 552/970/43 576/1036/43 577/1037/43
f 578/1038/83 579/1039/83 580/1040/83 581/1040/83
s 1
f 582/1041/26 583/1042/26 584/1043/26 585/1044/26
f 586/1045/14 587/1046/66 588/1047/75 589/1048/76
f 590/1049/77 591/1050/77 592/1051/58 593/1052/58
f 594/1053/59 595/1054/59 591/1055/77 590/1056/77
f 596/1057/78 597/1058/78 595/1059/59 594/1060/59
f 593/1061/58 592/1062/58 597/1063/78 596/1064/78
f 598/1065/43 599/1066/43 600/1067/43 601/1068/43
s 0
f 589/1048/14 602/1069/14 603/1070/14 586/1045/14
f 589/1071/18 604/1072/18 605/1073/18 602/1074/18
f 606/1075/26 607/1076/26 605/1077/26 604/1078/26
s 1
f 608/1079/21 609/1080/21 610/1081/21 611/1082/21
f 608/1079/21 611/1082/21 612/1083/21 613/1084/21
f 614/1085/57 606/1086/58 615/1087/58 616/1088/77
f 617/1089/59 588/1090/75 587/1091/66 614/1092/57
f 617/1089/59 614/1092/57 616/1093/77
f 604/1094/80 589/1095/76 588/1096/75 618/1097/78
f 618/1097/78 588/1096/75 617/1098/59
f 606/1099/58 604/1100/80 618/1101/78 615/1102/58
s 0
f 583/1042/26 582/1041/26 619/1103/26 620/1104/26
f 582/1041/26 585/1044/26 621/1105/26 619/1103/26
f 585/1044/26 584/1043/26 622/1106/26 621/1105/26
f 584/1043/26 583/1042/26 620/1104/26 622/1106/26
f 616/1107/14 615/1108/14 623/1109/14 624/1110/14
f 615/1108/14 618/1111/14 625/1112/14 623/1109/14
f 618/1111/14 617/1113/14 626/1114/14 625/1112/14
f 617/1113/14 616/1107/14 624/1110/14 626/1114/14
s 1
f 627/1115/26 628/1116/26 629/1117/26 630/1118/26
f 631/1119/73 632/1120/2 633/1121/6 634/1122/76
f 635/1123/77 636/1124/77 637/1125/58 638/1126/58
f 639/1127/59 640/1128/59 636/1129/77 635/1130/77
f 641/1131/78 642/1132/78 640/1133/59 639/1134/59
f 638/1135/58 637/1136/58 642/1137/78 641/1138/78
f 643/1139/43 644/1140/43 645/1141/43 646/1142/43
s 0
f 634/1122/14 647/1143/14 648/1144/14 631/1119/14
f 634/1145/18 649/1146/18 650/1147/18 647/1148/18
f 651/1149/26 652/1150/26 650/1151/26 649/1152/26
s 1
f 651/1153/21 653/1154/21 632/1155/2 631/1156/73
f 651/1153/21 631/1156/73 648/1157/21 652/1158/21
f 654/1159/21 655/1160/21 656/1161/21 657/1162/21
f 658/1163/9 659/1164/9 660/1165/9 661/1166/9
f 658/1163/9 661/1166/9 662/1167/9
f 649/1168/80 634/1169/76 633/1170/6 663/1171/78
f 663/1171/78 633/1170/6 664/1172/18
f 651/1173/43 649/1174/80 663/1175/78 665/1176/43
s 0
f 628/1116/26 627/1115/26 638/1177/26 641/1178/26
f 627/1115/26 630/1118/26 635/1179/26 638/1177/26
f 630/1118/26 629/1117/26 639/1180/26 635/1179/26
f 629/1117/26 628/1116/26 641/1178/26 639/1180/26
f 666/1181/14 665/1182/14 637/1183/14 636/1184/14
f 665/1182/14 663/1185/14 642/1186/14 637/1183/14
f 663/1185/14 664/1187/14 640/1188/14 642/1186/14
f 664/1187/14 666/1181/14 636/1184/14 640/1188/14
f 633/1121/14 632/1120/14 660/1189/14 659/1190/14
f 632/1155/21 653/1154/21 661/1191/21 660/1192/21
f 653/1193/21 666/1194/21 662/1195/21 661/1196/21
f 666/1197/26 664/1198/26 658/1199/26 662/1200/26
f 664/1172/18 633/1170/18 659/1201/18 658/1202/18
f 651/1173/43 665/1176/43 656/1203/43 655/1204/43
f 665/1205/26 666/1206/26 657/1207/26 656/1208/26
f 666/1209/9 653/1210/9 654/1211/9 657/1212/9
f 653/1213/14 651/1214/14 655/1215/14 654/1216/14
s 1
f 667/1217/26 668/1218/26 669/1219/26 670/1220/26
f 671/1221/14 672/1222/14 673/1223/14 674/1224/14
f 675/1225/77 676/1226/77 677/1227/58 678/1228/58
f 679/1229/59 680/1230/59 676/1231/77 675/1232/77
f 681/1233/78 682/1234/78 680/1235/59 679/1236/59
f 678/1237/58 677/1238/58 682/1239/78 681/1240/78
f 683/1241/43 684/1242/43 685/1243/43 686/1244/43
s 0
f 687/1245/14 688/1246/14 689/1247/14 690/1248/14
f 687/1249/18 691/1250/18 692/1251/18 688/1252/18
f 693/1253/26 694/1254/26 692/1255/26 691/1256/26
s 1
f 695/1257/21 696/1258/21 697/1259/21 698/1260/21
f 695/1257/21 698/1260/21 699/1261/21 700/1262/21
f 701/1263/21 693/1264/58 702/1265/58 703/1266/21
f 704/1267/9 705/1268/9 706/1269/9 707/1270/9
f 704/1267/9 707/1270/9 708/1271/9
f 691/1272/80 687/1273/18 709/1274/18 710/1275/78
f 710/1275/78 709/1274/18 711/1276/18
f 693/1277/58 691/1278/80 710/1279/78 702/1280/58
s 0
f 668/1218/26 667/1217/26 678/1281/26 681/1282/26
f 667/1217/26 670/1220/26 675/1283/26 678/1281/26
f 670/1220/26 669/1219/26 679/1284/26 675/1283/26
f 669/1219/26 668/1218/26 681/1282/26 679/1284/26
f 703/1285/14 702/1286/14 677/1287/14 676/1288/14
f 702/1286/14 710/1289/14 682/1290/14 677/1287/14
f 710/1289/14 711/1291/14 680/1292/14 682/1290/14
f 711/1291/14 703/1285/14 676/1288/14 680/1292/14
f 709/1293/9 712/1294/9 713/1295/9 714/1296/9
f 712/1294/9 701/1297/9 715/1298/9 713/1295/9
f 701/1299/9 703/1300/9 716/1301/9 715/1302/9
f 703/1300/9 711/1303/9 717/1304/9 716/1301/9
f 711/1303/9 709/1305/9 714/1306/9 717/1304/9
f 714/1307/14 713/1308/14 706/1309/14 705/1310/14
f 713/1311/21 715/1312/21 707/1313/21 706/1314/21
f 715/1315/21 716/1316/21 708/1317/21 707/1318/21
f 716/1319/26 717/1320/26 704/1321/26 708/1322/26
f 717/1323/18 714/1324/18 705/1325/18 704/1326/18
f 712/1327/14 690/1248/14 718/1328/14 719/1329/14
f 689/1247/14 720/1330/14 718/1328/14 690/1248/14
f 683/1241/43 686/1244/43 721/1331/43 722/1332/43
f 723/1333/84 724/1334/84 725/1333/84 726/1333/84
f 693/1253/26 701/1335/26 727/1336/26 728/1337/26
f 701/1297/9 712/1294/9 719/1338/9 727/1339/9
s 1
f 729/1340/26 730/1341/26 731/1342/26 732/1343/26
f 733/1344/14 734/1345/14 735/1346/14 736/1347/14
f 737/1348/77 738/1349/77 739/1350/58 740/1351/58
f 741/1352/59 742/1353/59 738/1354/77 737/1355/77
f 743/1356/78 744/1357/78 742/1358/59 741/1359/59
f 740/1360/58 739/1361/58 744/1362/78 743/1363/78
f 745/1364/43 746/1365/43 747/1366/43 748/1367/43
s 0
f 749/1368/14 750/1369/14 751/1370/14 752/1371/14
f 749/1372/18 753/1373/18 754/1374/18 750/1375/18
f 755/1376/26 756/1377/26 754/1378/26 753/1379/26
s 1
f 757/1380/21 758/1381/21 759/1382/21 760/1383/21
f 757/1380/21 760/1383/21 761/1384/21 762/1385/21
f 763/1386/57 755/1387/58 764/1388/58 765/1389/77
f 766/1390/59 767/1391/59 768/1392/9 763/1393/57
f 766/1390/59 763/1393/57 765/1394/77
f 753/1395/80 749/1396/18 767/1397/59 769/1398/78
f 769/1398/78 767/1397/59 766/1399/59
f 755/1400/58 753/1401/80 769/1402/78 764/1403/58
s 0
f 730/1341/26 729/1340/26 740/1404/26 743/1405/26
f 729/1340/26 732/1343/26 737/1406/26 740/1404/26
f 732/1343/26 731/1342/26 741/1407/26 737/1406/26
f 731/1342/26 730/1341/26 743/1405/26 741/1407/26
f 765/1408/14 764/1409/14 739/1410/14 738/1411/14
f 764/1409/14 769/1412/14 744/1413/14 739/1410/14
f 769/1412/14 766/1414/14 742/1415/14 744/1413/14
f 766/1414/14 765/1408/14 738/1411/14 742/1415/14
f 768/1416/14 752/1371/14 760/1417/14 759/1418/14
f 751/1370/14 761/1419/14 760/1417/14 752/1371/14
f 745/1364/43 748/1367/43 770/1367/43 771/1364/43
f 772/1367/85 773/1420/85 774/1367/85 775/1367/85
f 755/1376/26 763/1421/26 758/1422/26 757/1423/26
f 776/1424/9 777/1425/9 778/1426/9 779/1427/9
f 763/1428/18 768/1429/18 777/1430/18 776/1431/18
f 768/1416/14 759/1418/14 778/1432/14 777/1433/14
f 759/1382/21 758/1381/21 779/1434/21 778/1435/21
f 758/1422/26 763/1421/26 776/1436/26 779/1437/26
f 247/1438/9 246/1439/9 780/1440/9 781/1441/9
f 780/1440/86 246/1439/86 248/1442/86 782/1443/86
f 248/1442/9 249/1444/9 783/1445/9 782/1443/9
f 783/1445/87 249/1444/87 247/1438/87 781/1441/87
f 302/1446/21 301/1447/21 784/1448/21 785/1449/21
f 786/1450/21 787/1451/21 784/1448/21 301/1447/21
f 312/1452/21 315/1453/21 788/1454/21 789/1455/21
f 790/1456/88 791/1457/88 792/1456/88 793/1456/88
f 311/1458/21 309/1459/21 794/1460/21 795/1461/21
f 309/1459/21 302/1446/21 785/1449/21 794/1460/21
f 385/1462/9 384/1463/9 796/1464/9 797/1465/9
f 384/1463/9 386/1466/9 798/1467/9 796/1464/9
f 386/1466/9 387/1468/9 799/1469/9 798/1467/9
f 387/1468/9 385/1462/9 797/1465/9 799/1469/9
f 389/1470/9 388/1471/9 800/1472/9 801/1473/9
f 388/1471/9 390/1474/9 802/1475/9 800/1472/9
f 390/1474/9 391/1476/9 803/1477/9 802/1475/9
f 391/1476/9 389/1470/9 801/1473/9 803/1477/9
f 424/1478/43 423/1479/43 804/1480/43 805/1481/43
f 423/1482/21 425/1483/21 806/1484/21 804/1485/21
f 425/1486/9 426/1487/9 807/1488/9 806/1489/9
f 426/1490/18 424/1491/18 805/1492/18 807/1493/18
f 428/1494/21 427/1495/21 808/1496/21 809/1497/21
f 427/1498/43 429/1499/43 810/1500/43 808/1501/43
f 429/1502/18 430/1503/18 811/1504/18 810/1505/18
f 430/1506/9 428/1507/9 809/1508/9 811/1509/9
f 476/1510/18 475/1511/18 812/1512/18 813/1513/18
f 475/1511/18 477/1514/18 814/1515/18 812/1512/18
f 477/1514/18 478/1516/18 815/1517/18 814/1515/18
f 478/1516/18 476/1510/18 813/1513/18 815/1517/18
f 480/1518/18 479/1519/18 816/1520/18 817/1521/18
f 481/1522/18 818/1523/18 816/1520/18 479/1519/18
f 483/1524/18 482/1525/18 819/1526/18 820/1527/18
f 485/859/89 821/1528/89 822/858/89 486/858/89
f 489/1529/9 488/1530/9 823/1531/9 824/1532/9
f 488/1530/9 490/1533/9 825/1534/9 823/1531/9
f 490/1535/9 491/1536/9 826/1537/9 825/1538/9
f 491/1536/9 492/1539/9 827/1540/9 826/1537/9
f 492/1539/9 489/1541/9 824/1542/9 827/1540/9
f 525/1543/43 524/1544/43 828/1545/43 829/1546/43
f 524/1547/21 526/1548/21 830/1549/21 828/1550/21
f 526/1551/9 527/1552/9 831/1553/9 830/1554/9
f 527/1555/18 525/1556/18 829/1557/18 831/1558/18
f 529/1559/21 528/1560/21 832/1561/21 833/1562/21
f 528/1563/43 530/1564/43 834/1565/43 832/1566/43
f 530/1567/18 531/1568/18 835/1569/18 834/1570/18
f 531/1571/9 529/1572/9 833/1573/9 835/1574/9
f 538/1575/9 537/1576/9 836/1577/9 837/1578/9
f 537/1576/9 565/1579/9 838/1580/9 836/1577/9
f 565/1581/9 568/1582/9 839/1583/9 838/1584/9
f 568/1582/9 575/1585/9 840/1586/9 839/1583/9
f 575/1585/9 538/1587/9 837/1588/9 840/1586/9
f 620/1589/43 619/1590/43 841/1591/43 842/1592/43
f 619/1593/21 621/1594/21 843/1595/21 841/1596/21
f 621/1597/9 622/1598/9 844/1599/9 843/1600/9
f 622/1601/18 620/1602/18 842/1603/18 844/1604/18
f 624/1605/21 623/1606/21 845/1607/21 846/1608/21
f 623/1609/43 625/1610/43 847/1611/43 845/1612/43
f 625/1613/18 626/1614/18 848/1615/18 847/1616/18
f 626/1617/9 624/1618/9 846/1619/9 848/1620/9
f 719/1621/21 718/1622/21 849/1623/21 850/1624/21
f 720/1625/21 851/1626/21 849/1623/21 718/1622/21
f 722/1627/21 721/1628/21 852/1629/21 853/1630/21
f 724/1334/88 854/1631/88 855/1333/88 725/1333/88
f 728/1632/21 727/1633/21 856/1634/21 857/1635/21
f 727/1633/21 719/1621/21 850/1624/21 856/1634/21
f 781/1636/18 780/1637/18 237/1638/18 236/1639/18
f 780/1640/26 782/1641/26 238/1642/26 237/1643/26
f 782/1644/21 783/1645/21 239/1646/21 238/1647/21
f 783/1648/14 781/1649/14 236/1650/14 239/1651/14
f 785/1652/14 784/1653/14 326/1654/14 325/1655/14
f 787/1656/14 327/1657/14 326/1654/14 784/1653/14
f 789/1658/43 788/1659/43 858/1660/43 859/1661/43
f 791/1662/90 860/1663/90 861/1664/90 792/1665/90
f 795/1666/26 794/1667/26 324/1668/26 323/1669/26
f 794/1670/9 785/1671/9 325/1672/9 324/1673/9
f 797/1674/21 796/1675/21 365/1676/21 364/1677/21
f 796/1678/26 798/1679/26 366/1680/26 365/1681/26
f 798/1682/18 799/1683/18 367/1684/18 366/1685/18
f 799/1686/14 797/1687/14 364/1688/14 367/1689/14
f 801/1690/18 800/1691/18 381/1692/18 380/1693/18
f 800/1694/14 802/1695/14 382/1696/14 381/1697/14
f 802/1698/21 803/1699/21 383/1700/21 382/1701/21
f 803/1702/26 801/1703/26 380/1704/26 383/1705/26
f 805/1706/14 804/1707/14 403/1708/14 406/1709/14
f 804/1710/21 806/1711/21 400/1712/21 403/1713/21
f 806/1711/26 807/1714/26 404/1715/26 400/1712/26
f 807/1714/21 805/1716/21 406/1717/21 404/1715/21
f 809/1718/21 808/1719/21 402/1720/21 401/1721/21
f 808/1722/26 810/1723/26 407/1724/26 402/1725/26
f 810/1723/21 811/1726/21 405/1727/21 407/1724/21
f 811/1728/14 809/1729/14 401/1730/14 405/1731/14
f 813/1732/9 812/1733/9 448/1734/9 447/1735/9
f 812/1736/26 814/1737/26 445/1738/26 448/1739/26
f 814/1740/43 815/1741/43 446/1742/43 445/1743/43
f 815/1744/14 813/1745/14 447/1746/14 446/1747/14
f 817/1748/81 816/1749/81 458/1750/81 457/1751/81
f 818/1752/26 459/1753/26 458/1754/26 816/1755/26
f 820/1756/43 819/1757/43 862/1758/43 863/1759/43
f 821/1760/91 864/1761/91 865/1762/91 822/1763/91
f 824/1764/14 823/1765/14 470/1766/14 469/1767/14
f 823/1768/21 825/1769/21 471/1770/21 470/1771/21
f 825/1772/21 826/1773/21 472/1774/21 471/1775/21
f 826/1776/26 827/1777/26 468/1778/26 472/1779/26
f 827/1780/18 824/1781/18 469/1782/18 468/1783/18
f 829/1784/26 828/1785/26 504/1786/26 507/1787/26
f 828/1785/21 830/1788/21 501/1789/21 504/1786/21
f 830/1790/14 831/1791/14 505/1792/14 501/1793/14
f 831/1794/21 829/1784/21 507/1787/21 505/1795/21
f 833/1796/18 832/1797/18 503/1798/18 502/1799/18
f 832/1800/14 834/1801/14 508/1802/14 503/1803/14
f 834/1804/21 835/1805/21 506/1806/21 508/1807/21
f 835/1805/26 833/1796/26 502/1799/26 506/1806/26
f 837/1808/14 836/1809/14 571/1810/14 570/1811/14
f 836/1812/21 838/1813/21 572/1814/21 571/1815/21
f 838/1816/21 839/1817/21 573/1818/21 572/1819/21
f 839/1820/26 840/1821/26 569/1822/26 573/1823/26
f 840/1824/18 837/1825/18 570/1826/18 569/1827/18
f 842/1828/14 841/1829/14 593/1830/14 596/1831/14
f 841/1832/21 843/1833/21 590/1834/21 593/1835/21
f 843/1833/26 844/1836/26 594/1837/26 590/1834/26
f 844/1836/21 842/1838/21 596/1839/21 594/1837/21
f 846/1840/21 845/1841/21 592/1842/21 591/1843/21
f 845/1841/26 847/1844/26 597/1845/26 592/1842/26
f 847/1844/18 848/1846/18 595/1847/18 597/1845/18
f 848/1848/14 846/1849/14 591/1850/14 595/1851/14
f 850/1852/14 849/1853/14 698/1854/14 697/1855/14
f 851/1856/14 699/1857/14 698/1854/14 849/1853/14
f 853/1858/43 852/1859/43 866/1860/43 867/1861/43
f 854/1862/92 868/1863/92 869/1864/92 855/1865/92
f 857/1866/26 856/1867/26 696/1868/26 695/1869/26
f 856/1870/9 850/1871/9 697/1872/9 696/1873/9
f 752/1874/21 768/1875/21 734/1876/21 733/1877/21
f 768/1878/9 767/1879/9 735/1880/9 734/1881/9
f 767/1882/18 749/1883/18 736/1884/18 735/1885/18
f 749/1886/43 752/1887/43 733/1888/43 736/1889/43
f 690/1890/21 712/1891/21 672/1892/21 671/1893/21
f 712/1294/9 709/1293/9 673/1894/9 672/1895/9
f 709/1896/18 687/1897/18 674/1898/18 673/1899/18
f 687/1900/43 690/1901/43 671/1902/43 674/1903/43
f 270/1904/26 269/1905/26 268/1906/26 263/1907/26
f 254/491/21 870/1908/21 269/1909/21 270/514/21
f 257/494/14 871/1910/14 870/1908/14 254/491/14
f 263/500/18 268/1911/18 871/1910/18 257/494/18
f 258/495/18 261/498/18 286/523/18 285/522/18
f 261/498/14 275/510/14 287/524/14 286/523/14
f 275/510/21 274/509/21 288/525/21 287/524/21
f 274/509/26 258/495/26 285/522/26 288/525/26
f 245/474/14 872/1912/14 873/1913/14 242/474/14
f 874/1914/18 244/474/18 243/475/18 875/1915/18
f 235/457/26 876/1914/26 877/1914/26 232/457/26
s 1
f 878/1912/21 234/457/21 233/458/21 879/1916/21
s 0
f 872/1912/93 878/1912/93 879/1916/93 873/1913/93
f 206/425/26 224/461/26 229/1917/26 222/426/26
f 876/1914/94 874/1914/94 875/1915/94 877/1914/94
f 210/417/14 221/484/14 220/1918/14 215/418/14
f 880/1919/95 881/1920/95 882/1921/95 883/1922/95
f 884/1923/18 880/1919/18 883/1922/18 885/1924/18
f 284/521/96 884/1923/96 885/1924/96 281/518/96
s 1
f 886/1925/21 283/520/21 282/519/21 887/1926/21
s 0
f 881/1920/97 886/1925/97 887/1926/97 882/1921/97
f 259/496/26 273/508/26 278/513/26 272/507/26
f 888/1927/14 333/602/14 332/601/14 889/1927/14
f 890/1928/98 891/1927/98 892/1929/98 893/1930/98
f 793/1456/99 890/1931/99 893/1931/99 790/1456/99
s 1
f 894/1932/21 861/1933/21 860/1934/21 895/1935/21
s 0
f 891/1927/100 888/1927/100 889/1927/100 892/1929/100
f 301/1447/21 319/1936/21 318/1937/21 786/1450/21
f 373/657/14 896/1938/14 897/1939/14 370/657/14
f 898/1940/18 372/657/18 371/658/18 899/1941/18
f 379/664/26 900/1940/26 901/1940/26 376/664/26
s 1
f 902/1938/21 378/664/21 377/665/21 903/1942/21
s 0
f 900/1940/101 898/1940/101 899/1941/101 901/1940/101
f 342/610/14 355/681/14 354/1943/14 350/633/14
f 896/1938/102 902/1938/102 903/1942/102 897/1939/102
f 344/639/26 358/668/26 363/1944/26 356/640/26
f 904/1945/14 905/1946/14 906/1947/14 907/1945/14
f 908/1948/18 904/1949/18 907/1950/18 909/1951/18
f 910/1952/26 908/1953/26 909/1953/26 911/1952/26
s 1
f 905/1954/21 910/1955/21 911/1956/21 906/1957/21
s 0
f 487/858/103 912/1958/103 913/1959/103 484/858/103
f 914/1960/18 865/1961/18 864/1962/18 915/1963/18
f 916/1964/104 917/1965/104 918/1965/104 919/1964/104
s 1
f 912/1966/21 916/1967/21 919/1968/21 913/1969/21
s 0
f 917/1965/105 920/1965/105 921/1970/105 918/1965/105
f 438/775/14 480/1971/14 922/1972/14 455/796/14
f 923/1973/14 924/1974/14 925/1975/14 926/1973/14
f 927/1976/18 923/1977/18 926/1978/18 928/1979/18
f 929/1980/26 927/1981/26 928/1981/26 930/1980/26
s 1
f 924/1982/21 929/1983/21 930/1984/21 925/1985/21
s 0
f 931/1986/14 580/1040/14 579/1039/14 932/1986/14
f 933/1987/106 934/1986/106 935/1988/106 936/1989/106
f 937/1990/26 933/1991/26 936/1991/26 938/1990/26
s 1
f 581/1040/107 937/1992/107 938/1993/107 578/1038/107
s 0
f 934/1986/108 931/1986/108 932/1986/108 935/1988/108
f 536/989/21 559/1994/21 558/1995/21 566/990/21
f 939/1066/14 940/1065/14 941/1996/14 942/1066/14
f 943/1997/18 939/1998/18 942/1999/18 944/2000/18
f 945/1068/26 943/1067/26 944/1067/26 946/1068/26
s 1
f 940/1065/21 945/1068/21 946/2001/21 941/2002/21
s 0
f 947/2003/14 948/2004/14 949/2005/14 950/2003/14
f 951/2006/18 947/2007/18 950/2008/18 952/2009/18
f 953/2010/26 951/2011/26 952/2011/26 954/2010/26
s 1
f 948/2012/21 953/2013/21 954/2014/21 949/2015/21
s 0
f 955/2016/109 956/2017/109 957/2018/109 958/2016/109
f 959/2019/18 955/2020/18 958/2021/18 960/2022/18
f 726/1333/110 959/2023/110 960/2023/110 723/1333/110
s 1
f 961/2024/21 869/2025/21 868/2026/21 962/2027/21
s 0
f 956/2017/111 963/2017/111 964/2028/111 957/2018/111
f 693/1253/26 728/1337/26 965/2029/26 694/1254/26
f 966/1365/112 967/1364/112 968/2030/112 969/1365/112
f 970/1366/18 966/1365/18 969/2031/18 971/2032/18
f 775/1367/113 970/1366/113 971/1366/113 772/1367/113
s 1
f 972/1364/21 774/1367/21 773/1420/21 973/2033/21
s 0
f 967/1364/114 972/1364/114 973/2033/114 968/2030/114
f 755/1376/26 757/1423/26 762/2034/26 756/1377/26
f 331/600/115 334/602/115 974/602/115 975/2035/115
f 311/1458/21 795/1461/21 976/2036/21 322/2037/21
f 921/1970/116 920/1965/116 977/1965/116 978/2038/116
f 922/2039/117 480/1518/117 817/1521/117 979/2040/117
f 964/2028/118 963/2017/118 980/2017/118 981/2041/118
f 728/1632/21 857/1635/21 982/2042/21 965/2043/21
f 974/2044/119 894/2045/119 895/2046/119 975/2047/119
f 795/1666/26 323/1669/26 328/2048/26 976/2049/26
f 977/2050/120 914/2051/120 915/2052/120 978/2053/120
f 817/2054/14 457/2055/14 460/2056/14 979/2057/14
f 980/2058/121 961/2059/121 962/2060/121 981/2061/121
f 857/1866/26 695/1869/26 700/2062/26 982/2063/26
f 294/531/122 293/530/122 983/2064/122 984/2065/122
f 295/532/123 294/531/123 984/2065/123 985/2066/123
f 296/533/124 295/532/124 985/2066/124 986/2067/124
f 293/530/125 296/533/125 986/2067/125 983/2064/125
f 212/414/43 211/413/43 872/2068/43 245/2069/43
f 211/413/43 231/456/43 878/2070/43 872/2068/43
f 231/456/43 230/455/43 234/2071/43 878/2070/43
f 230/455/43 214/416/43 235/2072/43 234/2071/43
f 214/416/43 213/415/43 876/2073/43 235/2072/43
f 213/415/43 241/473/43 874/2074/43 876/2073/43
f 241/473/43 240/472/43 244/2075/43 874/2074/43
f 240/472/43 212/414/43 245/2069/43 244/2075/43
f 216/2076/9 215/2077/9 242/2078/9 873/2079/9
f 215/2077/9 220/2080/9 243/2081/9 242/2078/9
f 220/2080/9 219/2082/9 875/2083/9 243/2081/9
f 219/2082/9 223/2084/9 877/2085/9 875/2083/9
f 223/2084/9 222/2086/9 232/2087/9 877/2085/9
f 222/2086/9 229/2088/9 233/2089/9 232/2087/9
f 229/2088/9 228/2090/9 879/2091/9 233/2089/9
f 228/2090/9 216/2076/9 873/2079/9 879/2091/9
f 265/502/43 264/501/43 881/1920/43 880/1919/43
f 264/501/43 280/517/43 886/1925/43 881/1920/43
f 280/517/43 279/516/43 283/520/43 886/1925/43
f 279/516/43 267/504/43 284/521/43 283/520/43
f 267/504/43 266/503/43 884/1923/43 284/521/43
f 266/503/43 265/502/43 880/1919/43 884/1923/43
f 269/515/9 268/506/9 883/1922/9 882/1921/9
f 268/506/9 271/505/9 885/1924/9 883/1922/9
f 271/505/9 272/507/9 281/518/9 885/1924/9
f 272/507/9 278/513/9 282/519/9 281/518/9
f 278/513/9 277/512/9 887/1926/9 282/519/9
f 277/512/9 269/515/9 882/1921/9 887/1926/9
f 268/1911/9 269/1909/9 984/2065/9 983/2064/9
f 269/1909/9 870/1908/9 985/2066/9 984/2065/9
f 870/1908/9 871/1910/9 986/2067/9 985/2066/9
f 871/1910/9 268/1911/9 983/2064/9 986/2067/9
f 314/562/43 313/561/43 891/2092/43 890/2093/43
f 313/561/43 330/599/43 888/2094/43 891/2092/43
f 330/599/43 329/598/43 333/2095/43 888/2094/43
f 329/598/43 312/560/43 334/2096/43 333/2095/43
f 312/2097/126 789/2098/126 974/2099/126 334/2100/126
f 789/1658/43 859/1661/43 894/2101/43 974/2102/43
f 859/1661/43 858/1660/43 861/2103/43 894/2101/43
f 858/1660/43 788/1659/43 792/2104/43 861/2103/43
f 788/1659/127 315/563/127 793/2105/127 792/2104/127
f 315/563/43 314/562/43 890/2093/43 793/2105/43
f 318/2106/9 317/2107/9 889/2108/9 332/2109/9
f 317/2107/9 321/2110/9 892/2111/9 889/2108/9
f 321/2110/9 320/2112/9 893/2113/9 892/2111/9
f 320/2112/9 322/2114/9 790/2115/9 893/2113/9
f 322/2114/9 976/2116/9 791/2117/9 790/2115/9
f 976/2116/9 328/2118/9 860/2119/9 791/2117/9
f 328/2118/9 327/2120/9 895/2121/9 860/2119/9
f 327/2120/9 787/2122/9 975/2123/9 895/2121/9
f 331/2124/43 975/2125/43 787/2126/43 786/2127/43
f 786/2128/9 318/2106/9 332/2109/9 331/2129/9
f 347/630/43 346/629/43 896/2130/43 373/2131/43
f 346/629/43 375/663/43 902/2132/43 896/2130/43
f 375/663/43 374/662/43 378/2133/43 902/2132/43
f 374/662/43 349/632/43 379/2134/43 378/2133/43
f 349/632/43 348/631/43 900/2135/43 379/2134/43
f 348/631/43 369/656/43 898/2136/43 900/2135/43
f 369/656/43 368/655/43 372/2137/43 898/2136/43
f 368/655/43 347/630/43 373/2131/43 372/2137/43
f 351/2138/9 350/2139/9 370/2140/9 897/2141/9
f 350/2139/9 354/2142/9 371/2143/9 370/2140/9
f 354/2142/9 353/2144/9 899/2145/9 371/2143/9
f 353/2144/9 357/2146/9 901/2147/9 899/2145/9
f 357/2146/9 356/2148/9 376/2149/9 901/2147/9
f 356/2148/9 363/2150/9 377/2151/9 376/2149/9
f 363/2150/9 362/2152/9 903/2153/9 377/2151/9
f 362/2152/9 351/2138/9 897/2141/9 903/2153/9
f 452/793/43 451/792/43 912/2154/43 487/2155/43
f 451/792/43 454/795/43 916/2156/43 912/2154/43
f 454/795/43 453/794/43 917/2157/43 916/2156/43
f 453/794/43 483/857/43 920/2158/43 917/2157/43
f 483/857/128 820/1756/128 977/2159/128 920/2158/128
f 820/1756/43 863/1759/43 914/2160/43 977/2159/43
f 863/1759/43 862/1758/43 865/2161/43 914/2160/43
f 862/1758/43 819/1757/43 822/2162/43 865/2161/43
f 819/1757/129 482/856/129 486/2163/129 822/2162/129
f 482/856/43 452/793/43 487/2155/43 486/2163/43
f 456/2164/9 455/2165/9 484/2166/9 913/2167/9
f 455/2165/9 922/2168/9 485/2169/9 484/2166/9
f 922/2168/9 979/2170/9 821/2171/9 485/2169/9
f 979/2170/9 460/2172/9 864/2173/9 821/2171/9
f 460/2172/9 459/2174/9 915/2175/9 864/2173/9
f 459/2174/9 818/2176/9 978/2177/9 915/2175/9
f 818/2176/9 481/2178/9 921/2179/9 978/2177/9
f 481/2178/9 463/2180/9 918/2181/9 921/2179/9
f 463/2180/9 462/2182/9 919/2183/9 918/2181/9
f 462/2182/9 456/2164/9 913/2167/9 919/2183/9
f 554/972/43 553/971/43 934/2184/43 933/2185/43
f 553/971/43 577/1037/43 931/2186/43 934/2184/43
f 577/1037/43 576/1036/43 580/2187/43 931/2186/43
f 576/1036/43 552/970/43 581/2188/43 580/2187/43
f 552/970/43 555/973/43 937/2189/43 581/2188/43
f 555/973/43 554/972/43 933/2185/43 937/2189/43
f 558/2190/9 557/2191/9 932/2192/9 579/2193/9
f 557/2191/9 562/2194/9 935/2195/9 932/2192/9
f 562/2194/9 561/2196/9 936/2197/9 935/2195/9
f 561/2196/9 564/2198/9 938/2199/9 936/2197/9
f 564/2198/9 566/2200/9 578/2201/9 938/2199/9
f 566/2200/9 558/2190/9 579/2193/9 578/2201/9
f 684/1242/43 683/1241/43 956/2202/43 955/2203/43
f 683/1241/43 722/1332/43 963/2204/43 956/2202/43
f 722/1332/130 853/1858/130 980/2205/130 963/2204/130
f 980/2205/43 853/1858/43 867/1861/43 961/2206/43
f 867/1861/43 866/1860/43 869/2207/43 961/2206/43
f 869/2207/43 866/1860/43 852/1859/43 855/2208/43
f 852/1859/127 721/1331/127 725/2209/127 855/2208/127
f 721/1331/43 686/1244/43 726/2210/43 725/2209/43
f 686/1244/43 685/1243/43 959/2211/43 726/2210/43
f 685/1243/43 684/1242/43 955/2203/43 959/2211/43
f 689/2212/9 688/2213/9 958/2214/9 957/2215/9
f 688/2213/9 692/2216/9 960/2217/9 958/2214/9
f 692/2216/9 694/2218/9 723/2219/9 960/2217/9
f 694/2218/9 965/2220/9 724/2221/9 723/2219/9
f 965/2220/9 982/2222/9 854/2223/9 724/2221/9
f 982/2222/9 700/2224/9 868/2225/9 854/2223/9
f 700/2224/9 699/2226/9 962/2227/9 868/2225/9
f 699/2226/9 851/2228/9 981/2229/9 962/2227/9
f 851/2228/9 720/2230/9 964/2231/9 981/2229/9
f 720/2230/9 689/2212/9 957/2215/9 964/2231/9
f 746/1365/43 745/1364/43 967/1364/43 966/1365/43
f 745/1364/43 771/1364/43 972/1364/43 967/1364/43
f 771/1364/43 770/1367/43 774/1367/43 972/1364/43
f 770/1367/43 748/1367/43 775/1367/43 774/1367/43
f 748/1367/43 747/1366/43 970/1366/43 775/1367/43
f 747/1366/43 746/1365/43 966/1365/43 970/1366/43
f 751/2232/9 750/2233/9 969/2234/9 968/2235/9
f 750/2233/9 754/2236/9 971/2237/9 969/2234/9
f 754/2236/9 756/2238/9 772/2239/9 971/2237/9
f 756/2238/9 762/2240/9 773/2241/9 772/2239/9
f 762/2240/9 761/2242/9 973/2243/9 773/2241/9
f 761/2242/9 751/2232/9 968/2235/9 973/2243/9
f 409/719/43 408/718/43 905/2244/43 904/2245/43
f 408/718/43 411/721/43 910/2246/43 905/2244/43
f 411/721/43 410/720/43 908/2247/43 910/2246/43
f 410/720/43 409/719/43 904/2245/43 908/2247/43
f 413/2248/9 412/2249/9 907/2250/9 906/2251/9
f 412/2249/9 415/2252/9 909/2253/9 907/2250/9
f 415/2252/9 417/2254/9 911/2255/9 909/2253/9
f 417/2254/9 413/2248/9 906/2251/9 911/2255/9
f 510/897/43 509/896/43 924/2256/43 923/2257/43
f 509/896/43 512/899/43 929/2258/43 924/2256/43
f 512/899/43 511/898/43 927/2259/43 929/2258/43
f 511/898/43 510/897/43 923/2257/43 927/2259/43
f 514/2260/9 513/2261/9 926/2262/9 925/2263/9
f 513/2261/9 516/2264/9 928/2265/9 926/2262/9
f 516/2264/9 518/2266/9 930/2267/9 928/2265/9
f 518/2266/9 514/2260/9 925/2263/9 930/2267/9
f 599/1066/43 598/1065/43 940/1065/43 939/1066/43
f 598/1065/43 601/1068/43 945/1068/43 940/1065/43
f 601/1068/43 600/1067/43 943/1067/43 945/1068/43
f 600/2268/43 599/2269/43 939/2270/43 943/2271/43
f 603/2272/9 602/2273/9 942/2274/9 941/2275/9
f 602/2273/9 605/2276/9 944/2277/9 942/2274/9
f 605/2276/9 607/2278/9 946/2279/9 944/2277/9
f 607/2278/9 603/2272/9 941/2275/9 946/2279/9
f 644/1140/43 643/1139/43 948/2280/43 947/2281/43
f 643/1139/43 646/1142/43 953/2282/43 948/2280/43
f 646/1142/43 645/1141/43 951/2283/43 953/2282/43
f 645/1141/43 644/1140/43 947/2281/43 951/2283/43
f 648/2284/9 647/2285/9 950/2286/9 949/2287/9
f 647/2285/9 650/2288/9 952/2289/9 950/2286/9
f 650/2288/9 652/2290/9 954/2291/9 952/2289/9
f 652/2290/9 648/2284/9 949/2287/9 954/2291/9
s 1
f 987/2292/131 988/2293/132 989/2294/133 990/2295/134
f 991/2296/135 992/2297/135 993/2298/136 994/2299/136
f 990/2300/134 995/2301/137 996/2302/138 987/2303/131
f 989/2304/133 997/2305/139 995/2306/137 990/2307/134
f 988/2308/132 998/2309/140 997/2310/139 989/2311/133
f 988/2312/132 987/2313/131 996/2314/138 998/2315/140
f 992/2316/135 991/2317/135 996/2302/138 995/2301/137
f 999/2318/21 1000/2319/21 1001/2320/21 1002/2321/21
f 994/2322/136 993/2323/136 997/2310/139 998/2309/140
f 1003/2324/18 1004/2325/18 1005/2326/18 1006/2327/18
s 0
f 993/2298/141 992/2297/141 1001/2328/141 1000/2329/141
f 992/2316/142 995/2301/142 1002/2330/142 1001/2331/142
f 995/2332/143 997/2333/143 999/2334/143 1002/2335/143
f 997/2310/144 993/2323/144 1000/2336/144 999/2337/144
f 991/2296/141 994/2299/141 1004/2338/141 1003/2339/141
f 994/2322/144 998/2309/144 1005/2340/144 1004/2341/144
f 998/2342/143 996/2343/143 1006/2344/143 1005/2345/143
f 996/2302/142 991/2317/142 1003/2346/142 1006/2347/142
s 1
f 1007/2348/131 1008/2349/132 1009/2350/133 1010/2351/134
f 1011/2352/135 1012/2353/135 1013/2354/136 1014/2355/136
f 1010/2356/134 1015/2357/137 1016/2358/138 1007/2359/131
f 1009/2360/133 1017/2361/139 1015/2362/137 1010/2363/134
f 1008/2364/132 1018/2365/140 1017/2366/139 1009/2367/133
f 1008/2368/132 1007/2369/131 1016/2370/138 1018/2371/140
f 1012/2372/135 1011/2373/135 1016/2358/138 1015/2357/137
f 1019/2374/21 1020/2375/21 1021/2376/21 1022/2377/21
f 1014/2378/136 1013/2379/136 1017/2366/139 1018/2365/140
f 1023/2380/18 1024/2381/18 1025/2382/18 1026/2383/18
s 0
f 1013/2354/141 1012/2353/141 1021/2384/141 1020/2385/141
f 1012/2372/142 1015/2357/142 1022/2386/142 1021/2387/142
f 1015/2388/143 1017/2389/143 1019/2390/143 1022/2391/143
f 1017/2366/144 1013/2379/144 1020/2392/144 1019/2393/144
f 1011/2352/141 1014/2355/141 1024/2394/141 1023/2395/141
f 1014/2378/144 1018/2365/144 1025/2396/144 1024/2397/144
f 1018/2398/143 1016/2399/143 1026/2400/143 1025/2401/143
f 1016/2358/142 1011/2373/142 1023/2402/142 1026/2403/142
s 1
f 1027/2404/131 1028/2405/132 1029/2406/133 1030/2407/134
f 1031/2408/135 1032/2409/135 1033/2410/136 1034/2411/136
f 1030/2412/134 1035/2413/137 1036/2414/138 1027/2415/131
f 1029/2416/133 1037/2417/139 1035/2418/137 1030/2419/134
f 1028/2420/132 1038/2421/140 1037/2422/139 1029/2423/133
f 1028/2424/132 1027/2425/131 1036/2426/138 1038/2427/140
f 1032/2428/135 1031/2429/135 1036/2414/138 1035/2413/137
f 1039/2430/21 1040/2431/21 1041/2432/21 1042/2433/21
f 1034/2434/136 1033/2435/136 1037/2422/139 1038/2421/140
f 1043/2436/18 1044/2437/18 1045/2438/18 1046/2439/18
s 0
f 1033/2410/141 1032/2409/141 1041/2440/141 1040/2441/141
f 1032/2428/142 1035/2413/142 1042/2442/142 1041/2443/142
f 1035/2444/143 1037/2445/143 1039/2446/143 1042/2447/143
f 1037/2422/144 1033/2435/144 1040/2448/144 1039/2449/144
f 1031/2408/141 1034/2411/141 1044/2450/141 1043/2451/141
f 1034/2434/144 1038/2421/144 1045/2452/144 1044/2453/144
f 1038/2454/143 1036/2455/143 1046/2456/143 1045/2457/143
f 1036/2414/142 1031/2429/142 1043/2458/142 1046/2459/142
s 1
f 1047/2460/131 1048/2461/132 1049/2462/133 1050/2463/134
f 1051/2464/135 1052/2465/135 1053/2466/136 1054/2467/136
f 1050/2468/134 1055/2469/137 1056/2470/138 1047/2471/131
f 1049/2472/133 1057/2473/139 1055/2474/137 1050/2475/134
f 1048/2476/132 1058/2477/140 1057/2478/139 1049/2479/133
f 1048/2480/132 1047/2481/131 1056/2482/138 1058/2483/140
f 1052/2484/135 1051/2485/135 1056/2470/138 1055/2469/137
f 1059/2486/21 1060/2487/21 1061/2488/21 1062/2489/21
f 1054/2490/136 1053/2491/136 1057/2478/139 1058/2477/140
f 1063/2492/18 1064/2493/18 1065/2494/18 1066/2495/18
s 0
f 1053/2466/141 1052/2465/141 1061/2496/141 1060/2497/141
f 1052/2484/142 1055/2469/142 1062/2498/142 1061/2499/142
f 1055/2500/143 1057/2501/143 1059/2502/143 1062/2503/143
f 1057/2478/144 1053/2491/144 1060/2504/144 1059/2505/144
f 1051/2464/141 1054/2467/141 1064/2506/141 1063/2507/141
f 1054/2490/144 1058/2477/144 1065/2508/144 1064/2509/144
f 1058/2510/143 1056/2511/143 1066/2512/143 1065/2513/143
f 1056/2470/142 1051/2485/142 1063/2514/142 1066/2515/142
s 1
f 1067/2516/4 1068/2517/56 1069/2518/74 1070/2519/3
f 1071/2520/18 1072/2521/18 1073/2522/18 1074/2523/18
f 1067/2524/4 1075/2525/64 1076/2526/65 1068/2527/56
f 1068/2528/56 1076/2529/65 1077/2530/66 1069/2531/74
f 1069/2532/74 1077/2533/66 1078/2534/145 1070/2535/3
f 1070/2536/3 1078/2537/145 1075/2538/64 1067/2539/4
s 0
f 1075/2538/43 1078/2537/43 1079/2540/43 1080/2541/43
f 1078/2534/14 1077/2533/14 1081/2542/14 1079/2543/14
f 1076/2526/26 1075/2525/26 1080/2544/26 1082/2545/26
f 1080/2541/43 1079/2540/43 1083/2546/43 1084/2547/43
f 1079/2543/14 1081/2542/14 1085/2548/14 1083/2549/14
f 1081/2550/9 1082/2551/9 1086/2552/9 1085/2553/9
f 1082/2545/26 1080/2544/26 1084/2554/26 1086/2555/26
f 1084/2547/43 1083/2546/43 1087/2556/43 1088/2557/43
f 1083/2549/14 1085/2548/14 1089/2558/14 1087/2559/14
f 1085/2553/9 1086/2552/9 1090/2560/9 1089/2561/9
f 1086/2555/26 1084/2554/26 1088/2562/26 1090/2563/26
f 1091/2564/43 1092/2565/43 1093/2566/43 1094/2567/43
f 1087/2559/14 1089/2558/14 1095/2568/14 1096/2569/14
f 1089/2561/9 1090/2560/9 1097/2570/9 1095/2571/9
f 1090/2563/26 1088/2562/26 1098/2572/26 1097/2573/26
f 1098/2574/43 1096/2575/43 1072/2576/43 1071/2577/43
f 1096/2569/14 1095/2568/14 1073/2578/14 1072/2579/14
f 1095/2571/9 1097/2570/9 1074/2580/9 1073/2581/9
f 1097/2573/26 1098/2572/26 1071/2582/26 1074/2583/26
f 1088/2584/21 1087/2585/21 1092/2586/21 1091/2587/21
f 1087/2559/14 1096/2569/14 1093/2588/14 1092/2589/14
f 1096/2590/18 1098/2591/18 1094/2592/18 1093/2593/18
f 1098/2572/26 1088/2562/26 1091/2594/26 1094/2595/26
f 587/1046/14 586/1045/14 611/2596/14 610/2597/14
f 586/1045/14 603/1070/14 612/2598/14 611/2596/14
f 603/2599/43 607/2600/43 613/2601/43 612/2602/43
f 607/1076/26 606/1075/26 608/2603/26 613/2604/26
f 606/1075/26 614/2605/26 609/2606/26 608/2603/26
f 1099/2607/9 1100/2608/9 1101/2609/9 1102/2610/9
f 614/2611/18 587/2612/18 1100/2613/18 1099/2614/18
f 587/1046/14 610/2597/14 1101/2615/14 1100/2616/14
f 610/1081/21 609/1080/21 1102/2617/21 1101/2618/21
f 609/2606/26 614/2605/26 1099/2619/26 1102/2620/26
f 1081/2542/9 1077/2533/9 1076/2621/9 1082/2622/9
f 38/2623/26 1103/2624/26 37/2625/26
f 36/2626/26 1104/2627/26 35/2628/26
f 34/2629/26 1105/2630/26 33/2631/26
f 32/2632/26 1106/2633/26 31/2634/26
f 30/2635/26 1107/2636/26 29/2637/26
f 28/2638/26 1108/2639/26 27/2640/26
f 26/2641/26 1109/2642/26 25/2643/26
f 24/2644/26 1110/2645/26 23/2646/26
f 22/2647/26 1111/2648/26 21/2649/26
f 20/2650/26 1112/2651/26 19/2652/26
f 18/2653/26 1113/2654/26 17/2655/26
f 16/2656/26 1114/2657/26 13/2658/26
f 1115/2659/146 45/2660/146 44/2661/146 1116/2662/146
f 1117/2663/147 49/2664/147 13/2665/147 1114/2666/147
f 51/62/148 1118/2667/148 52/63/148
f 54/65/149 1119/2668/149 53/64/149
f 55/66/150 1120/2669/150 56/67/150
f 57/68/151 1121/2670/151 50/61/151
f 1118/2667/146 51/62/146 58/69/146 1122/2671/146
f 50/61/147 1121/2670/147 1123/2672/147 59/70/147
f 1124/2673/147 60/2674/147 35/2675/147 1104/2676/147
f 61/2677/146 1120/2669/146 1105/2678/146 34/2679/146
f 1120/2669/147 55/66/147 33/75/147 1105/2678/147
f 53/64/146 1119/2668/146 1106/2680/146 32/76/146
f 1125/2681/146 67/2682/146 66/2683/146 1126/2684/146
f 68/2685/147 1118/2667/147 1122/2671/147 69/2686/147
f 1119/2668/147 70/2687/147 31/2688/147 1106/2680/147
f 71/2689/146 1127/2690/146 1107/2691/146 30/2692/146
f 73/90/152 1128/2693/152 74/91/152
f 76/93/149 1129/2694/149 75/92/149
f 77/94/150 1127/2690/150 78/95/150
f 79/96/153 1125/2681/153 72/89/153
f 1128/2693/154 73/90/154 80/97/154 1130/2695/154
f 72/89/147 1125/2681/147 1126/2684/147 81/98/147
f 1127/2690/147 77/94/147 29/99/147 1107/2691/147
f 75/92/146 1129/2694/146 1108/2696/146 28/100/146
f 1131/2697/146 87/2698/146 86/2699/146 1132/2700/146
f 88/2701/147 1128/2693/147 1130/2695/147 89/2702/147
f 1129/2694/147 90/2703/147 27/2704/147 1108/2696/147
f 91/2705/146 1133/2706/146 1109/2707/146 26/2708/146
f 93/114/152 1134/2709/152 94/115/152
f 96/117/149 1135/2710/149 95/116/149
f 97/118/150 1133/2706/150 98/119/150
f 99/120/153 1131/2697/153 92/113/153
f 1134/2709/154 93/114/154 100/121/154 1136/2711/154
f 92/113/155 1131/2697/155 1132/2700/155 101/122/155
f 1133/2706/147 97/118/147 25/123/147 1109/2707/147
f 95/116/154 1135/2710/154 1110/2712/154 24/124/154
f 1137/2713/146 107/130/146 106/129/146 1138/2714/146
f 108/131/147 1134/2709/147 1136/2711/147 109/132/147
f 1135/2710/147 110/2715/147 23/2716/147 1110/2712/147
f 111/2717/146 1139/2718/146 1111/2719/146 22/2720/146
f 113/138/156 1140/2721/156 114/139/156
f 116/141/149 1141/2722/149 115/140/149
f 117/142/150 1139/2718/150 118/143/150
f 119/144/153 1137/2713/153 112/137/153
f 1140/2721/146 113/138/146 120/145/146 1142/2723/146
f 112/137/147 1137/2713/147 1138/2714/147 121/146/147
f 1139/2718/147 117/142/147 21/147/147 1111/2719/147
f 115/140/146 1141/2722/146 1112/2724/146 20/148/146
f 1143/2725/146 127/2726/146 126/2727/146 1144/2728/146
f 128/2729/147 1140/2721/147 1142/2723/147 129/2730/147
f 1141/2722/147 130/2731/147 19/2732/147 1112/2724/147
f 131/2733/146 1145/2734/146 1113/2735/146 18/2736/146
f 133/162/152 1146/2737/152 134/163/152
f 136/165/149 1117/2663/149 135/164/149
f 137/166/157 1145/2734/157 138/167/157
f 139/168/153 1143/2725/153 132/161/153
f 1146/2737/154 133/162/154 140/169/154 1147/2738/154
f 132/161/155 1143/2725/155 1144/2728/155 141/170/155
f 1145/2734/147 137/166/147 17/171/147 1113/2735/147
f 135/164/154 1117/2663/154 1114/2666/154 16/172/154
f 1147/2738/147 146/2739/147 147/2740/147 1146/2737/147
f 1121/2670/146 153/2741/146 152/2742/146 1123/2672/146
f 154/2743/147 1148/2744/147 1149/2745/147 155/2746/147
f 1150/2747/147 156/188/147 37/187/147 1103/2748/147
f 157/189/146 1124/2673/146 1104/2676/146 36/190/146
f 159/192/148 1148/2744/148 160/193/148
f 161/194/149 1124/2673/149 157/189/149
f 156/188/150 1150/2747/150 162/195/150
f 163/196/151 1115/2659/151 158/191/151
f 1148/2744/146 159/192/146 164/197/146 1149/2745/146
f 158/191/147 1115/2659/147 1116/2662/147 165/198/147
f 1103/2748/146 38/2749/146 166/2750/146 1150/2747/146
f 45/2751/158 1115/2752/158 167/2753/158
f 162/2754/18 1150/2755/18 168/2756/18
f 167/2753/18 1115/2752/18 163/2757/18
f 168/2758/14 1150/2759/14 166/2760/14
f 67/2761/158 1125/2762/158 169/2763/158
f 170/2764/159 1118/2765/159 68/2766/159
f 78/2767/18 1127/2768/18 171/2769/18
f 169/2763/18 1125/2762/18 79/2770/18
f 70/2771/160 1119/2772/160 172/2773/160
f 171/2774/14 1127/2775/14 71/2776/14
f 52/2777/21 1118/2765/21 170/2764/21
f 172/2778/21 1119/2779/21 54/2780/21
f 87/2781/158 1131/2782/158 173/2783/158
f 174/2784/159 1128/2785/159 88/2786/159
f 98/2787/18 1133/2788/18 175/2789/18
f 173/2783/18 1131/2782/18 99/2790/18
f 90/2791/160 1129/2792/160 176/2793/160
f 175/2794/14 1133/2795/14 91/2796/14
f 74/2797/21 1128/2785/21 174/2784/21
f 176/2798/21 1129/2799/21 76/2800/21
f 107/2801/26 1137/2802/26 177/2803/26
f 178/2804/26 1134/2805/26 108/2806/26
f 118/2807/18 1139/2808/18 179/2809/18
f 177/2810/18 1137/2811/18 119/2812/18
f 110/2813/160 1135/2814/160 180/2815/160
f 179/2816/14 1139/2817/14 111/2818/14
f 94/2819/21 1134/2820/21 178/2821/21
f 180/2822/21 1135/2823/21 96/2824/21
f 127/2825/158 1143/2826/158 181/2827/158
f 182/2828/159 1140/2829/159 128/2830/159
f 138/2831/18 1145/2832/18 183/2833/18
f 181/2827/18 1143/2826/18 139/2834/18
f 130/2835/160 1141/2836/160 184/2837/160
f 183/2838/14 1145/2839/14 131/2840/14
f 114/2841/21 1140/2829/21 182/2828/21
f 184/2842/21 1141/2843/21 116/2844/21
f 49/2845/160 1117/2846/160 185/2847/160
f 134/2848/21 1146/2849/21 186/2850/21
f 185/2851/21 1117/2852/21 136/2853/21
f 186/2850/159 1146/2849/159 147/2854/159
f 60/2855/160 1124/2856/160 187/2857/160
f 188/2858/14 1120/2859/14 61/2860/14
f 160/2861/21 1148/2862/21 189/2863/21
f 187/2864/21 1124/2865/21 161/2866/21
f 153/2867/158 1121/2868/158 190/2869/158
f 189/2863/159 1148/2862/159 154/2870/159
f 56/2871/18 1120/2872/18 188/2873/18
f 190/2869/18 1121/2868/18 57/2874/18
f 146/2739/161 1147/2738/161 140/169/161
f 141/170/162 1144/2728/162 126/2727/162
f 129/2730/161 1142/2723/161 120/145/161
f 121/2875/14 1138/2876/14 106/2877/14
f 109/2878/14 1136/2879/14 100/2880/14
f 101/122/162 1132/2700/162 86/2699/162
f 89/2702/161 1130/2695/161 80/97/161
f 81/98/162 1126/2684/162 66/2683/162
f 69/2686/161 1122/2671/161 58/69/161
f 59/70/163 1123/2672/163 152/2742/163
f 155/2746/161 1149/2745/161 164/197/161
f 165/198/162 1116/2662/162 44/2661/162
s 1
f 1151/2881/14 1152/2882/164 1153/2883/164 1154/2884/14
f 1152/2882/164 1155/2885/165 1156/2886/165 1153/2883/164
f 1155/2885/165 1157/2887/26 1158/2888/26 1156/2886/165
f 1157/2887/26 1159/2889/166 1160/2890/166 1158/2888/26
f 1159/2889/166 1161/2891/167 1162/2892/167 1160/2890/166
f 1161/2891/167 1151/2881/14 1154/2884/14 1162/2892/167
f 1163/2893/168 1164/2894/169 1165/2895/170 1166/2896/171
f 1167/2897/172 1168/2898/173 1164/2894/169 1163/2893/168
f 1169/2899/174 1170/2900/175 1168/2898/173 1167/2897/172
f 1171/2901/176 1172/2902/177 1170/2900/175 1169/2899/174
f 1173/2903/178 1174/2904/179 1172/2902/177 1171/2901/176
f 1166/2896/171 1165/2895/170 1174/2904/179 1173/2903/178
f 1175/2905/180 1163/2893/168 1166/2896/171 1176/2906/181
f 1177/2907/182 1167/2897/172 1163/2893/168 1175/2905/180
f 1178/2908/183 1169/2899/174 1167/2897/172 1177/2907/182
f 1179/2909/184 1171/2901/176 1169/2899/174 1178/2908/183
f 1180/2910/185 1173/2903/178 1171/2901/176 1179/2909/184
f 1176/2906/181 1166/2896/171 1173/2903/178 1180/2910/185
f 1181/2911/186 1175/2905/180 1176/2906/181 1182/2912/187
f 1183/2913/188 1177/2907/182 1175/2905/180 1181/2911/186
f 1184/2914/189 1178/2908/183 1177/2907/182 1183/2913/188
f 1185/2915/190 1179/2909/184 1178/2908/183 1184/2914/189
f 1186/2916/191 1180/2910/185 1179/2909/184 1185/2915/190
f 1182/2912/187 1176/2906/181 1180/2910/185 1186/2916/191
f 1187/2917/192 1181/2911/186 1182/2912/187 1188/2918/193
f 1189/2919/194 1183/2913/188 1181/2911/186 1187/2917/192
f 1190/2920/195 1184/2914/189 1183/2913/188 1189/2919/194
f 1191/2921/196 1185/2915/190 1184/2914/189 1190/2920/195
f 1192/2922/197 1186/2916/191 1185/2915/190 1191/2921/196
f 1188/2918/193 1182/2912/187 1186/2916/191 1192/2922/197
f 1193/2923/198 1187/2917/192 1188/2918/193 1194/2924/199
f 1195/2925/200 1189/2919/194 1187/2917/192 1193/2923/198
f 1196/2926/201 1190/2920/195 1189/2919/194 1195/2925/200
f 1197/2927/202 1191/2921/196 1190/2920/195 1196/2926/201
f 1198/2928/203 1192/2922/197 1191/2921/196 1197/2927/202
f 1194/2924/199 1188/2918/193 1192/2922/197 1198/2928/203
f 1199/2929/204 1193/2923/198 1194/2924/199 1200/2930/205
f 1201/2931/206 1195/2925/200 1193/2923/198 1199/2929/204
f 1202/2932/207 1196/2926/201 1195/2925/200 1201/2931/206
f 1203/2933/208 1197/2927/202 1196/2926/201 1202/2932/207
f 1204/2934/209 1198/2928/203 1197/2927/202 1203/2933/208
f 1200/2930/205 1194/2924/199 1198/2928/203 1204/2934/209
f 1205/2935/210 1199/2929/204 1200/2930/205 1206/2936/211
f 1207/2937/212 1201/2931/206 1199/2929/204 1205/2935/210
f 1208/2938/213 1202/2932/207 1201/2931/206 1207/2937/212
f 1209/2939/214 1203/2933/208 1202/2932/207 1208/2938/213
f 1210/2940/215 1204/2934/209 1203/2933/208 1209/2939/214
f 1206/2936/211 1200/2930/205 1204/2934/209 1210/2940/215
f 1211/2941/216 1205/2935/210 1206/2936/211 1212/2942/217
f 1213/2943/218 1207/2937/212 1205/2935/210 1211/2941/216
f 1214/2944/219 1208/2938/213 1207/2937/212 1213/2943/218
f 1215/2945/220 1209/2939/214 1208/2938/213 1214/2944/219
f 1216/2946/221 1210/2940/215 1209/2939/214 1215/2945/220
f 1212/2942/217 1206/2936/211 1210/2940/215 1216/2946/221
f 1217/2947/222 1211/2941/216 1212/2942/217 1218/2948/223
f 1219/2949/224 1213/2943/218 1211/2941/216 1217/2947/222
f 1220/2950/225 1214/2944/219 1213/2943/218 1219/2949/224
f 1221/2951/226 1215/2945/220 1214/2944/219 1220/2950/225
f 1222/2952/227 1216/2946/221 1215/2945/220 1221/2951/226
f 1218/2948/223 1212/2942/217 1216/2946/221 1222/2952/227
f 1223/2953/228 1217/2947/222 1218/2948/223 1224/2954/229
f 1225/2955/230 1219/2949/224 1217/2947/222 1223/2953/228
f 1226/2956/231 1220/2950/225 1219/2949/224 1225/2955/230
f 1227/2957/232 1221/2951/226 1220/2950/225 1226/2956/231
f 1228/2958/233 1222/2952/227 1221/2951/226 1227/2957/232
f 1224/2954/229 1218/2948/223 1222/2952/227 1228/2958/233
f 1229/2959/234 1223/2953/228 1224/2954/229 1230/2960/235
f 1231/2961/236 1225/2955/230 1223/2953/228 1229/2959/234
f 1232/2962/237 1226/2956/231 1225/2955/230 1231/2961/236
f 1233/2963/238 1227/2957/232 1226/2956/231 1232/2962/237
f 1234/2964/239 1228/2958/233 1227/2957/232 1233/2963/238
f 1230/2960/235 1224/2954/229 1228/2958/233 1234/2964/239
f 1235/2965/240 1229/2959/234 1230/2960/235 1236/2966/241
f 1237/2967/242 1231/2961/236 1229/2959/234 1235/2965/240
f 1238/2968/243 1232/2962/237 1231/2961/236 1237/2967/242
f 1239/2969/244 1233/2963/238 1232/2962/237 1238/2968/243
f 1240/2970/245 1234/2964/239 1233/2963/238 1239/2969/244
f 1236/2966/241 1230/2960/235 1234/2964/239 1240/2970/245
f 1241/2971/9 1242/2972/9 1243/2973/9 1244/2974/9
f 1245/2975/9 1244/2974/9 1243/2973/9 1246/2976/9
f 1165/2895/170 1164/2894/169 1247/2977/164 1248/2978/14
f 1164/2894/169 1168/2898/173 1249/2979/165 1247/2977/164
f 1168/2898/173 1170/2900/175 1250/2980/26 1249/2979/165
f 1170/2900/175 1172/2902/177 1251/2981/166 1250/2980/26
f 1172/2902/177 1174/2904/179 1252/2982/167 1251/2981/166
f 1174/2904/179 1165/2895/170 1248/2978/14 1252/2982/167
s 0
f 1246/2976/9 1243/2973/9 1154/2884/9 1153/2883/9
f 1243/2973/9 1242/2972/9 1162/2892/9 1154/2884/9
f 1242/2972/9 1241/2971/9 1160/2890/9 1162/2892/9
f 1241/2971/9 1244/2974/9 1158/2888/9 1160/2890/9
f 1244/2974/9 1245/2975/9 1156/2886/9 1158/2888/9
f 1245/2975/9 1246/2976/9 1153/2883/9 1156/2886/9
f 1248/2978/43 1247/2977/43 1152/2882/43 1151/2881/43
f 1247/2977/43 1249/2979/43 1155/2885/43 1152/2882/43
f 1249/2979/43 1250/2980/43 1157/2887/43 1155/2885/43
f 1250/2980/43 1251/2981/43 1159/2889/43 1157/2887/43
f 1251/2981/43 1252/2982/43 1161/2891/43 1159/2889/43
f 1252/2982/43 1248/2978/43 1151/2881/43 1161/2891/43
s 1
f 1253/2983/246 1254/2984/246 1255/2985/247 1256/2986/247
f 1257/2986/248 1258/2983/249 1259/2984/249 1260/2985/248
f 1261/2986/250 1262/2983/250 1263/2984/250 1264/2985/250
f 1256/2986/247 1255/2983/247 1259/2984/249 1258/2985/249
f 1265/2986/251 1266/2983/251 1267/2984/251 1268/2985/251
f 1254/2986/246 1253/2983/246 1257/2984/248 1260/2985/248
s 0
f 1255/2985/251 1254/2984/251 1269/2983/251 1270/2986/251
f 1254/2986/252 1260/2985/252 1271/2984/252 1269/2983/252
f 1260/2985/251 1259/2984/251 1272/2985/251 1271/2984/251
f 1259/2984/251 1255/2983/251 1270/2986/251 1272/2985/251
f 1270/2986/253 1269/2983/253 1266/2983/253 1265/2986/253
f 1269/2983/254 1271/2984/254 1267/2984/254 1266/2983/254
f 1271/2984/255 1272/2985/255 1268/2985/255 1267/2984/255
f 1272/2985/256 1270/2986/256 1265/2986/256 1268/2985/256
f 1253/2983/250 1256/2986/250 1273/2983/250 1274/2986/250
f 1256/2986/250 1258/2985/250 1275/2984/250 1273/2983/250
f 1258/2983/250 1257/2986/250 1276/2985/250 1275/2984/250
f 1257/2984/257 1253/2983/257 1274/2986/257 1276/2985/257
f 1274/2986/21 1273/2983/21 1262/2983/21 1261/2986/21
f 1273/2983/258 1275/2984/258 1263/2984/258 1262/2983/258
f 1275/2984/18 1276/2985/18 1264/2985/18 1263/2984/18
f 1276/2985/259 1274/2986/259 1261/2986/259 1264/2985/259
s 1
f 1277/2987/14 1278/2988/164 1279/2989/164 1280/2990/14
f 1278/2988/164 1281/2991/165 1282/2992/165 1279/2989/164
f 1281/2991/165 1283/2993/26 1284/2994/26 1282/2992/165
f 1283/2993/26 1285/2995/166 1286/2996/166 1284/2994/26
f 1285/2995/166 1287/2997/167 1288/2998/167 1286/2996/166
f 1287/2997/167 1277/2987/14 1280/2990/14 1288/2998/167
f 1289/2999/168 1290/3000/169 1291/3001/170 1292/3002/171
f 1293/3003/172 1294/3004/173 1290/3000/169 1289/2999/168
f 1295/3005/174 1296/3006/175 1294/3004/173 1293/3003/172
f 1297/3007/260 1298/3008/177 1296/3006/175 1295/3005/174
f 1299/3009/178 1300/3010/179 1298/3008/177 1297/3007/260
f 1292/3002/171 1291/3001/170 1300/3010/179 1299/3009/178
f 1301/3011/180 1289/2999/168 1292/3002/171 1302/3012/181
f 1303/3013/182 1293/3003/172 1289/2999/168 1301/3011/180
f 1304/3014/183 1295/3005/174 1293/3003/172 1303/3013/182
f 1305/3015/184 1297/3007/260 1295/3005/174 1304/3014/183
f 1306/3016/185 1299/3009/178 1297/3007/260 1305/3015/184
f 1302/3012/181 1292/3002/171 1299/3009/178 1306/3016/185
f 1307/3017/186 1301/3011/180 1302/3012/181 1308/3018/187
f 1309/3019/261 1303/3013/182 1301/3011/180 1307/3017/186
f 1310/3020/189 1304/3014/183 1303/3013/182 1309/3019/261
f 1311/3021/190 1305/3015/184 1304/3014/183 1310/3020/189
f 1312/3022/191 1306/3016/185 1305/3015/184 1311/3021/190
f 1308/3018/187 1302/3012/181 1306/3016/185 1312/3022/191
f 1313/3023/192 1307/3017/186 1308/3018/187 1314/3024/193
f 1315/3025/194 1309/3019/261 1307/3017/186 1313/3023/192
f 1316/3026/195 1310/3020/189 1309/3019/261 1315/3025/194
f 1317/3027/196 1311/3021/190 1310/3020/189 1316/3026/195
f 1318/3028/197 1312/3022/191 1311/3021/190 1317/3027/196
f 1314/3024/193 1308/3018/187 1312/3022/191 1318/3028/197
f 1319/3029/198 1313/3023/192 1314/3024/193 1320/3030/199
f 1321/3031/200 1315/3025/194 1313/3023/192 1319/3029/198
f 1322/3032/201 1316/3026/195 1315/3025/194 1321/3031/200
f 1323/3033/202 1317/3027/196 1316/3026/195 1322/3032/201
f 1324/3034/203 1318/3028/197 1317/3027/196 1323/3033/202
f 1320/3030/199 1314/3024/193 1318/3028/197 1324/3034/203
f 1325/3035/204 1319/3029/198 1320/3030/199 1326/3036/205
f 1327/3037/206 1321/3031/200 1319/3029/198 1325/3035/204
f 1328/3038/207 1322/3032/201 1321/3031/200 1327/3037/206
f 1329/3039/208 1323/3033/202 1322/3032/201 1328/3038/207
f 1330/3040/209 1324/3034/203 1323/3033/202 1329/3039/208
f 1326/3036/205 1320/3030/199 1324/3034/203 1330/3040/209
f 1331/3041/210 1325/3035/204 1326/3036/205 1332/3042/211
f 1333/3043/212 1327/3037/206 1325/3035/204 1331/3041/210
f 1334/3044/213 1328/3038/207 1327/3037/206 1333/3043/212
f 1335/3045/214 1329/3039/208 1328/3038/207 1334/3044/213
f 1336/3046/215 1330/3040/209 1329/3039/208 1335/3045/214
f 1332/3042/211 1326/3036/205 1330/3040/209 1336/3046/215
f 1337/3047/216 1331/3041/210 1332/3042/211 1338/3048/217
f 1339/3049/218 1333/3043/212 1331/3041/210 1337/3047/216
f 1340/3050/219 1334/3044/213 1333/3043/212 1339/3049/218
f 1341/3051/220 1335/3045/214 1334/3044/213 1340/3050/219
f 1342/3052/221 1336/3046/215 1335/3045/214 1341/3051/220
f 1338/3048/217 1332/3042/211 1336/3046/215 1342/3052/221
f 1343/3053/222 1337/3047/216 1338/3048/217 1344/3054/223
f 1345/3055/224 1339/3049/218 1337/3047/216 1343/3053/222
f 1346/3056/225 1340/3050/219 1339/3049/218 1345/3055/224
f 1347/3057/226 1341/3051/220 1340/3050/219 1346/3056/225
f 1348/3058/227 1342/3052/221 1341/3051/220 1347/3057/226
f 1344/3054/223 1338/3048/217 1342/3052/221 1348/3058/227
f 1349/3059/228 1343/3053/222 1344/3054/223 1350/3060/229
f 1351/3061/230 1345/3055/224 1343/3053/222 1349/3059/228
f 1352/3062/231 1346/3056/225 1345/3055/224 1351/3061/230
f 1353/3063/232 1347/3057/226 1346/3056/225 1352/3062/231
f 1354/3064/233 1348/3058/227 1347/3057/226 1353/3063/232
f 1350/3060/229 1344/3054/223 1348/3058/227 1354/3064/233
f 1355/3065/234 1349/3059/228 1350/3060/229 1356/3066/235
f 1357/3067/236 1351/3061/230 1349/3059/228 1355/3065/234
f 1358/3068/237 1352/3062/231 1351/3061/230 1357/3067/236
f 1359/3069/238 1353/3063/232 1352/3062/231 1358/3068/237
f 1360/3070/239 1354/3064/233 1353/3063/232 1359/3069/238
f 1356/3066/235 1350/3060/229 1354/3064/233 1360/3070/239
f 1361/3071/240 1355/3065/234 1356/3066/235 1362/3072/241
f 1363/3073/242 1357/3067/236 1355/3065/234 1361/3071/240
f 1364/3074/243 1358/3068/237 1357/3067/236 1363/3073/242
f 1365/3075/244 1359/3069/238 1358/3068/237 1364/3074/243
f 1366/3076/245 1360/3070/239 1359/3069/238 1365/3075/244
f 1362/3072/241 1356/3066/235 1360/3070/239 1366/3076/245
f 1367/3077/9 1368/3078/9 1369/3079/9 1370/3080/9
f 1371/3081/9 1370/3080/9 1369/3079/9 1372/3082/9
f 1291/3001/170 1290/3000/169 1373/3083/164 1374/3084/14
f 1290/3000/169 1294/3004/173 1375/3085/165 1373/3083/164
f 1294/3004/173 1296/3006/175 1376/3086/26 1375/3085/165
f 1296/3006/175 1298/3008/177 1377/3087/166 1376/3086/26
f 1298/3008/177 1300/3010/179 1378/3088/167 1377/3087/166
f 1300/3010/179 1291/3001/170 1374/3084/14 1378/3088/167
s 0
f 1372/3082/9 1369/3079/9 1280/2990/9 1279/2989/9
f 1369/3079/9 1368/3078/9 1288/2998/9 1280/2990/9
f 1368/3078/9 1367/3077/9 1286/2996/9 1288/2998/9
f 1367/3077/9 1370/3080/9 1284/2994/9 1286/2996/9
f 1370/3080/9 1371/3081/9 1282/2992/9 1284/2994/9
f 1371/3081/9 1372/3082/9 1279/2989/9 1282/2992/9
f 1374/3084/43 1373/3083/43 1278/2988/43 1277/2987/43
f 1373/3083/43 1375/3085/43 1281/2991/43 1278/2988/43
f 1375/3085/43 1376/3086/43 1283/2993/43 1281/2991/43
f 1376/3086/43 1377/3087/43 1285/2995/43 1283/2993/43
f 1377/3087/43 1378/3088/43 1287/2997/43 1285/2995/43
f 1378/3088/43 1374/3084/43 1277/2987/43 1287/2997/43
s 1
f 1379/3089/246 1380/3090/246 1381/3091/247 1382/3092/247
f 1383/3092/248 1384/3089/249 1385/3090/249 1386/3091/248
f 1387/3092/250 1388/3089/250 1389/3090/250 1390/3091/250
f 1382/3092/247 1381/3089/247 1385/3090/249 1384/3091/249
f 1391/3092/251 1392/3089/251 1393/3090/251 1394/3091/251
f 1380/3092/246 1379/3089/246 1383/3090/248 1386/3091/248
s 0
f 1381/3091/251 1380/3090/251 1395/3089/251 1396/3092/251
f 1380/3092/252 1386/3091/252 1397/3090/252 1395/3089/252
f 1386/3091/251 1385/3090/251 1398/3091/251 1397/3090/251
f 1385/3090/251 1381/3089/251 1396/3092/251 1398/3091/251
f 1396/3092/253 1395/3089/253 1392/3089/253 1391/3092/253
f 1395/3089/254 1397/3090/254 1393/3090/254 1392/3089/254
f 1397/3090/255 1398/3091/255 1394/3091/255 1393/3090/255
f 1398/3091/256 1396/3092/256 1391/3092/256 1394/3091/256
f 1379/3089/250 1382/3092/250 1399/3089/250 1400/3092/250
f 1382/3092/250 1384/3091/250 1401/3090/250 1399/3089/250
f 1384/3089/250 1383/3092/250 1402/3091/250 1401/3090/250
f 1383/3090/257 1379/3089/257 1400/3092/257 1402/3091/257
f 1400/3092/21 1399/3089/21 1388/3089/21 1387/3092/21
f 1399/3089/258 1401/3090/258 1389/3090/258 1388/3089/258
f 1401/3090/18 1402/3091/18 1390/3091/18 1389/3090/18
f 1402/3091/259 1400/3092/259 1387/3092/259 1390/3091/259
s 1
f 1403/3093/14 1404/3094/164 1405/3095/164 1406/3096/14
f 1404/3094/164 1407/3097/165 1408/3098/165 1405/3095/164
f 1407/3097/165 1409/3099/26 1410/3100/26 1408/3098/165
f 1409/3099/26 1411/3101/166 1412/3102/166 1410/3100/26
f 1411/3101/166 1413/3103/167 1414/3104/167 1412/3102/166
f 1413/3103/167 1403/3093/14 1406/3096/14 1414/3104/167
f 1415/3105/168 1416/3106/169 1417/3107/170 1418/3108/171
f 1419/3109/172 1420/3110/173 1416/3106/169 1415/3105/168
f 1421/3111/174 1422/3112/175 1420/3110/173 1419/3109/172
f 1423/3113/176 1424/3114/177 1422/3112/175 1421/3111/174
f 1425/3115/178 1426/3116/179 1424/3114/177 1423/3113/176
f 1418/3108/171 1417/3107/170 1426/3116/179 1425/3115/178
f 1427/3117/180 1415/3105/168 1418/3108/171 1428/3118/181
f 1429/3119/182 1419/3109/172 1415/3105/168 1427/3117/180
f 1430/3120/183 1421/3111/174 1419/3109/172 1429/3119/182
f 1431/3121/184 1423/3113/176 1421/3111/174 1430/3120/183
f 1432/3122/185 1425/3115/178 1423/3113/176 1431/3121/184
f 1428/3118/181 1418/3108/171 1425/3115/178 1432/3122/185
f 1433/3123/186 1427/3117/180 1428/3118/181 1434/3124/187
f 1435/3125/261 1429/3119/182 1427/3117/180 1433/3123/186
f 1436/3126/189 1430/3120/183 1429/3119/182 1435/3125/261
f 1437/3127/190 1431/3121/184 1430/3120/183 1436/3126/189
f 1438/3128/191 1432/3122/185 1431/3121/184 1437/3127/190
f 1434/3124/187 1428/3118/181 1432/3122/185 1438/3128/191
f 1439/3129/192 1433/3123/186 1434/3124/187 1440/3130/193
f 1441/3131/194 1435/3125/261 1433/3123/186 1439/3129/192
f 1442/3132/195 1436/3126/189 1435/3125/261 1441/3131/194
f 1443/3133/196 1437/3127/190 1436/3126/189 1442/3132/195
f 1444/3134/197 1438/3128/191 1437/3127/190 1443/3133/196
f 1440/3130/193 1434/3124/187 1438/3128/191 1444/3134/197
f 1445/3135/198 1439/3129/192 1440/3130/193 1446/3136/199
f 1447/3137/200 1441/3131/194 1439/3129/192 1445/3135/198
f 1448/3138/201 1442/3132/195 1441/3131/194 1447/3137/200
f 1449/3139/202 1443/3133/196 1442/3132/195 1448/3138/201
f 1450/3140/203 1444/3134/197 1443/3133/196 1449/3139/202
f 1446/3136/199 1440/3130/193 1444/3134/197 1450/3140/203
f 1451/3141/204 1445/3135/198 1446/3136/199 1452/3142/205
f 1453/3143/206 1447/3137/200 1445/3135/198 1451/3141/204
f 1454/3144/207 1448/3138/201 1447/3137/200 1453/3143/206
f 1455/3145/208 1449/3139/202 1448/3138/201 1454/3144/207
f 1456/3146/209 1450/3140/203 1449/3139/202 1455/3145/208
f 1452/3142/205 1446/3136/199 1450/3140/203 1456/3146/209
f 1457/3147/210 1451/3141/204 1452/3142/205 1458/3148/211
f 1459/3149/212 1453/3143/206 1451/3141/204 1457/3147/210
f 1460/3150/213 1454/3144/207 1453/3143/206 1459/3149/212
f 1461/3151/214 1455/3145/208 1454/3144/207 1460/3150/213
f 1462/3152/215 1456/3146/209 1455/3145/208 1461/3151/214
f 1458/3148/211 1452/3142/205 1456/3146/209 1462/3152/215
f 1463/3153/216 1457/3147/210 1458/3148/211 1464/3154/217
f 1465/3155/218 1459/3149/212 1457/3147/210 1463/3153/216
f 1466/3156/219 1460/3150/213 1459/3149/212 1465/3155/218
f 1467/3157/220 1461/3151/214 1460/3150/213 1466/3156/219
f 1468/3158/221 1462/3152/215 1461/3151/214 1467/3157/220
f 1464/3154/217 1458/3148/211 1462/3152/215 1468/3158/221
f 1469/3159/222 1463/3153/216 1464/3154/217 1470/3160/223
f 1471/3161/224 1465/3155/218 1463/3153/216 1469/3159/222
f 1472/3162/225 1466/3156/219 1465/3155/218 1471/3161/224
f 1473/3163/226 1467/3157/220 1466/3156/219 1472/3162/225
f 1474/3164/227 1468/3158/221 1467/3157/220 1473/3163/226
f 1470/3160/223 1464/3154/217 1468/3158/221 1474/3164/227
f 1475/3165/228 1469/3159/222 1470/3160/223 1476/3166/229
f 1477/3167/230 1471/3161/224 1469/3159/222 1475/3165/228
f 1478/3168/231 1472/3162/225 1471/3161/224 1477/3167/230
f 1479/3169/232 1473/3163/226 1472/3162/225 1478/3168/231
f 1480/3170/233 1474/3164/227 1473/3163/226 1479/3169/232
f 1476/3166/229 1470/3160/223 1474/3164/227 1480/3170/233
f 1481/3171/234 1475/3165/228 1476/3166/229 1482/3172/235
f 1483/3173/236 1477/3167/230 1475/3165/228 1481/3171/234
f 1484/3174/237 1478/3168/231 1477/3167/230 1483/3173/236
f 1485/3175/238 1479/3169/232 1478/3168/231 1484/3174/237
f 1486/3176/239 1480/3170/233 1479/3169/232 1485/3175/238
f 1482/3172/235 1476/3166/229 1480/3170/233 1486/3176/239
f 1487/3177/240 1481/3171/234 1482/3172/235 1488/3178/241
f 1489/3179/242 1483/3173/236 1481/3171/234 1487/3177/240
f 1490/3180/243 1484/3174/237 1483/3173/236 1489/3179/242
f 1491/3181/244 1485/3175/238 1484/3174/237 1490/3180/243
f 1492/3182/245 1486/3176/239 1485/3175/238 1491/3181/244
f 1488/3178/241 1482/3172/235 1486/3176/239 1492/3182/245
f 1493/3183/9 1494/3184/9 1495/3185/9 1496/3186/9
f 1497/3187/9 1496/3186/9 1495/3185/9 1498/3188/9
f 1417/3107/170 1416/3106/169 1499/3189/164 1500/3190/14
f 1416/3106/169 1420/3110/173 1501/3191/165 1499/3189/164
f 1420/3110/173 1422/3112/175 1502/3192/26 1501/3191/165
f 1422/3112/175 1424/3114/177 1503/3193/166 1502/3192/26
f 1424/3114/177 1426/3116/179 1504/3194/167 1503/3193/166
f 1426/3116/179 1417/3107/170 1500/3190/14 1504/3194/167
s 0
f 1498/3188/9 1495/3185/9 1406/3096/9 1405/3095/9
f 1495/3185/9 1494/3184/9 1414/3104/9 1406/3096/9
f 1494/3184/9 1493/3183/9 1412/3102/9 1414/3104/9
f 1493/3183/9 1496/3186/9 1410/3100/9 1412/3102/9
f 1496/3186/9 1497/3187/9 1408/3098/9 1410/3100/9
f 1497/3187/9 1498/3188/9 1405/3095/9 1408/3098/9
f 1500/3190/43 1499/3189/43 1404/3094/43 1403/3093/43
f 1499/3189/43 1501/3191/43 1407/3097/43 1404/3094/43
f 1501/3191/43 1502/3192/43 1409/3099/43 1407/3097/43
f 1502/3192/43 1503/3193/43 1411/3101/43 1409/3099/43
f 1503/3193/43 1504/3194/43 1413/3103/43 1411/3101/43
f 1504/3194/43 1500/3190/43 1403/3093/43 1413/3103/43
s 1
f 1505/3195/262 1506/3196/262 1507/3197/263 1508/3198/263
f 1509/3198/264 1510/3195/265 1511/3196/265 1512/3197/264
f 1513/3198/266 1514/3195/266 1515/3196/266 1516/3197/266
f 1508/3198/263 1507/3195/263 1511/3196/265 1510/3197/265
f 1517/3198/267 1518/3195/267 1519/3196/267 1520/3197/267
f 1506/3198/262 1505/3195/262 1509/3196/264 1512/3197/264
s 0
f 1507/3197/267 1506/3196/267 1521/3195/267 1522/3198/267
f 1506/3198/267 1512/3197/267 1523/3196/267 1521/3195/267
f 1512/3197/267 1511/3196/267 1524/3197/267 1523/3196/267
f 1511/3196/267 1507/3195/267 1522/3198/267 1524/3197/267
f 1522/3198/268 1521/3195/268 1518/3195/268 1517/3198/268
f 1521/3195/269 1523/3196/269 1519/3196/269 1518/3195/269
f 1523/3196/270 1524/3197/270 1520/3197/270 1519/3196/270
f 1524/3197/271 1522/3198/271 1517/3198/271 1520/3197/271
f 1505/3195/266 1508/3198/266 1525/3195/266 1526/3198/266
f 1508/3198/272 1510/3197/272 1527/3196/272 1525/3195/272
f 1510/3195/266 1509/3198/266 1528/3197/266 1527/3196/266
f 1509/3196/266 1505/3195/266 1526/3198/266 1528/3197/266
f 1526/3198/21 1525/3195/21 1514/3195/21 1513/3198/21
f 1525/3195/273 1527/3196/273 1515/3196/273 1514/3195/273
f 1527/3196/18 1528/3197/18 1516/3197/18 1515/3196/18
f 1528/3197/274 1526/3198/274 1513/3198/274 1516/3197/274
s 1
f 1529/3199/14 1530/3200/164 1531/3201/164 1532/3202/14
f 1530/3200/164 1533/3203/165 1534/3204/165 1531/3201/164
f 1533/3203/165 1535/3205/26 1536/3206/26 1534/3204/165
f 1535/3205/26 1537/3207/166 1538/3208/166 1536/3206/26
f 1537/3207/166 1539/3209/167 1540/3210/167 1538/3208/166
f 1539/3209/167 1529/3199/14 1532/3202/14 1540/3210/167
f 1541/3211/168 1542/3212/169 1543/3213/170 1544/3214/171
f 1545/3215/172 1546/3216/173 1542/3212/169 1541/3211/168
f 1547/3217/174 1548/3218/175 1546/3216/173 1545/3215/172
f 1549/3219/260 1550/3220/177 1548/3218/175 1547/3217/174
f 1551/3221/178 1552/3222/179 1550/3220/177 1549/3219/260
f 1544/3214/171 1543/3213/170 1552/3222/179 1551/3221/178
f 1553/3223/180 1541/3211/168 1544/3214/171 1554/3224/181
f 1555/3225/182 1545/3215/172 1541/3211/168 1553/3223/180
f 1556/3226/275 1547/3217/174 1545/3215/172 1555/3225/182
f 1557/3227/184 1549/3219/260 1547/3217/174 1556/3226/275
f 1558/3228/185 1551/3221/178 1549/3219/260 1557/3227/184
f 1554/3224/181 1544/3214/171 1551/3221/178 1558/3228/185
f 1559/3229/186 1553/3223/180 1554/3224/181 1560/3230/187
f 1561/3231/188 1555/3225/182 1553/3223/180 1559/3229/186
f 1562/3232/189 1556/3226/275 1555/3225/182 1561/3231/188
f 1563/3233/190 1557/3227/184 1556/3226/275 1562/3232/189
f 1564/3234/191 1558/3228/185 1557/3227/184 1563/3233/190
f 1560/3230/187 1554/3224/181 1558/3228/185 1564/3234/191
f 1565/3235/192 1559/3229/186 1560/3230/187 1566/3236/276
f 1567/3237/194 1561/3231/188 1559/3229/186 1565/3235/192
f 1568/3238/277 1562/3232/189 1561/3231/188 1567/3237/194
f 1569/3239/196 1563/3233/190 1562/3232/189 1568/3238/277
f 1570/3240/197 1564/3234/191 1563/3233/190 1569/3239/196
f 1566/3236/276 1560/3230/187 1564/3234/191 1570/3240/197
f 1571/3241/198 1565/3235/192 1566/3236/276 1572/3242/199
f 1573/3243/200 1567/3237/194 1565/3235/192 1571/3241/198
f 1574/3244/201 1568/3238/277 1567/3237/194 1573/3243/200
f 1575/3245/202 1569/3239/196 1568/3238/277 1574/3244/201
f 1576/3246/203 1570/3240/197 1569/3239/196 1575/3245/202
f 1572/3242/199 1566/3236/276 1570/3240/197 1576/3246/203
f 1577/3247/204 1571/3241/198 1572/3242/199 1578/3248/205
f 1579/3249/206 1573/3243/200 1571/3241/198 1577/3247/204
f 1580/3250/207 1574/3244/201 1573/3243/200 1579/3249/206
f 1581/3251/208 1575/3245/202 1574/3244/201 1580/3250/207
f 1582/3252/209 1576/3246/203 1575/3245/202 1581/3251/208
f 1578/3248/205 1572/3242/199 1576/3246/203 1582/3252/209
f 1583/3253/210 1577/3247/204 1578/3248/205 1584/3254/211
f 1585/3255/212 1579/3249/206 1577/3247/204 1583/3253/210
f 1586/3256/213 1580/3250/207 1579/3249/206 1585/3255/212
f 1587/3257/214 1581/3251/208 1580/3250/207 1586/3256/213
f 1588/3258/215 1582/3252/209 1581/3251/208 1587/3257/214
f 1584/3254/211 1578/3248/205 1582/3252/209 1588/3258/215
f 1589/3259/216 1583/3253/210 1584/3254/211 1590/3260/217
f 1591/3261/218 1585/3255/212 1583/3253/210 1589/3259/216
f 1592/3262/219 1586/3256/213 1585/3255/212 1591/3261/218
f 1593/3263/220 1587/3257/214 1586/3256/213 1592/3262/219
f 1594/3264/221 1588/3258/215 1587/3257/214 1593/3263/220
f 1590/3260/217 1584/3254/211 1588/3258/215 1594/3264/221
f 1595/3265/222 1589/3259/216 1590/3260/217 1596/3266/223
f 1597/3267/224 1591/3261/218 1589/3259/216 1595/3265/222
f 1598/3268/225 1592/3262/219 1591/3261/218 1597/3267/224
f 1599/3269/226 1593/3263/220 1592/3262/219 1598/3268/225
f 1600/3270/227 1594/3264/221 1593/3263/220 1599/3269/226
f 1596/3266/223 1590/3260/217 1594/3264/221 1600/3270/227
f 1601/3271/228 1595/3265/222 1596/3266/223 1602/3272/229
f 1603/3273/230 1597/3267/224 1595/3265/222 1601/3271/228
f 1604/3274/231 1598/3268/225 1597/3267/224 1603/3273/230
f 1605/3275/232 1599/3269/226 1598/3268/225 1604/3274/231
f 1606/3276/233 1600/3270/227 1599/3269/226 1605/3275/232
f 1602/3272/229 1596/3266/223 1600/3270/227 1606/3276/233
f 1607/3277/234 1601/3271/228 1602/3272/229 1608/3278/235
f 1609/3279/236 1603/3273/230 1601/3271/228 1607/3277/234
f 1610/3280/237 1604/3274/231 1603/3273/230 1609/3279/236
f 1611/3281/238 1605/3275/232 1604/3274/231 1610/3280/237
f 1612/3282/239 1606/3276/233 1605/3275/232 1611/3281/238
f 1608/3278/235 1602/3272/229 1606/3276/233 1612/3282/239
f 1613/3283/240 1607/3277/234 1608/3278/235 1614/3284/241
f 1615/3285/242 1609/3279/236 1607/3277/234 1613/3283/240
f 1616/3286/243 1610/3280/237 1609/3279/236 1615/3285/242
f 1617/3287/244 1611/3281/238 1610/3280/237 1616/3286/243
f 1618/3288/245 1612/3282/239 1611/3281/238 1617/3287/244
f 1614/3284/241 1608/3278/235 1612/3282/239 1618/3288/245
f 1619/3289/9 1620/3290/9 1621/3291/9 1622/3292/9
f 1623/3293/9 1622/3292/9 1621/3291/9 1624/3294/9
f 1543/3213/170 1542/3212/169 1625/3295/164 1626/3296/14
f 1542/3212/169 1546/3216/173 1627/3297/165 1625/3295/164
f 1546/3216/173 1548/3218/175 1628/3298/26 1627/3297/165
f 1548/3218/175 1550/3220/177 1629/3299/166 1628/3298/26
f 1550/3220/177 1552/3222/179 1630/3300/167 1629/3299/166
f 1552/3222/179 1543/3213/170 1626/3296/14 1630/3300/167
s 0
f 1624/3294/9 1621/3291/9 1532/3202/9 1531/3201/9
f 1621/3291/9 1620/3290/9 1540/3210/9 1532/3202/9
f 1620/3290/9 1619/3289/9 1538/3208/9 1540/3210/9
f 1619/3289/9 1622/3292/9 1536/3206/9 1538/3208/9
f 1622/3292/9 1623/3293/9 1534/3204/9 1536/3206/9
f 1623/3293/9 1624/3294/9 1531/3201/9 1534/3204/9
f 1626/3296/43 1625/3295/43 1530/3200/43 1529/3199/43
f 1625/3295/43 1627/3297/43 1533/3203/43 1530/3200/43
f 1627/3297/43 1628/3298/43 1535/3205/43 1533/3203/43
f 1628/3298/43 1629/3299/43 1537/3207/43 1535/3205/43
f 1629/3299/43 1630/3300/43 1539/3209/43 1537/3207/43
f 1630/3300/43 1626/3296/43 1529/3199/43 1539/3209/43
s 1
f 1631/3301/246 1632/3302/246 1633/3303/247 1634/3304/247
f 1635/3304/248 1636/3301/249 1637/3302/249 1638/3303/248
f 1639/3304/250 1640/3301/250 1641/3302/250 1642/3303/250
f 1634/3304/247 1633/3301/247 1637/3302/249 1636/3303/249
f 1643/3304/251 1644/3301/251 1645/3302/251 1646/3303/251
f 1632/3304/246 1631/3301/246 1635/3302/248 1638/3303/248
s 0
f 1633/3303/251 1632/3302/251 1647/3301/251 1648/3304/251
f 1632/3304/252 1638/3303/252 1649/3302/252 1647/3301/252
f 1638/3303/251 1637/3302/251 1650/3303/251 1649/3302/251
f 1637/3302/251 1633/3301/251 1648/3304/251 1650/3303/251
f 1648/3304/253 1647/3301/253 1644/3301/253 1643/3304/253
f 1647/3301/254 1649/3302/254 1645/3302/254 1644/3301/254
f 1649/3302/278 1650/3303/278 1646/3303/278 1645/3302/278
f 1650/3303/256 1648/3304/256 1643/3304/256 1646/3303/256
f 1631/3301/250 1634/3304/250 1651/3301/250 1652/3304/250
f 1634/3304/250 1636/3303/250 1653/3302/250 1651/3301/250
f 1636/3301/250 1635/3304/250 1654/3303/250 1653/3302/250
f 1635/3302/257 1631/3301/257 1652/3304/257 1654/3303/257
f 1652/3304/21 1651/3301/21 1640/3301/21 1639/3304/21
f 1651/3301/258 1653/3302/258 1641/3302/258 1640/3301/258
f 1653/3302/18 1654/3303/18 1642/3303/18 1641/3302/18
f 1654/3303/259 1652/3304/259 1639/3304/259 1642/3303/259
s 1
f 1655/3305/14 1656/3306/164 1657/3307/164 1658/3308/14
f 1656/3306/164 1659/3309/165 1660/3310/165 1657/3307/164
f 1659/3309/165 1661/3311/26 1662/3312/26 1660/3310/165
f 1661/3311/26 1663/3313/166 1664/3314/166 1662/3312/26
f 1663/3313/166 1665/3315/167 1666/3316/167 1664/3314/166
f 1665/3315/167 1655/3305/14 1658/3308/14 1666/3316/167
f 1667/3317/279 1668/3318/169 1669/3319/170 1670/3320/171
f 1671/3321/280 1672/3322/173 1668/3318/169 1667/3317/279
f 1673/3323/174 1674/3324/175 1672/3322/173 1671/3321/280
f 1675/3325/281 1676/3326/177 1674/3324/175 1673/3323/174
f 1677/3327/282 1678/3328/283 1676/3326/177 1675/3325/281
f 1670/3320/171 1669/3319/170 1678/3328/283 1677/3327/282
f 1679/3329/180 1667/3317/279 1670/3320/171 1680/3330/181
f 1681/3331/182 1671/3321/280 1667/3317/279 1679/3329/180
f 1682/3332/183 1673/3323/174 1671/3321/280 1681/3331/182
f 1683/3333/184 1675/3325/281 1673/3323/174 1682/3332/183
f 1684/3334/185 1677/3327/282 1675/3325/281 1683/3333/184
f 1680/3330/181 1670/3320/171 1677/3327/282 1684/3334/185
f 1685/3335/186 1679/3329/180 1680/3330/181 1686/3336/187
f 1687/3337/188 1681/3331/182 1679/3329/180 1685/3335/186
f 1688/3338/189 1682/3332/183 1681/3331/182 1687/3337/188
f 1689/3339/190 1683/3333/184 1682/3332/183 1688/3338/189
f 1690/3340/191 1684/3334/185 1683/3333/184 1689/3339/190
f 1686/3336/187 1680/3330/181 1684/3334/185 1690/3340/191
f 1691/3341/192 1685/3335/186 1686/3336/187 1692/3342/193
f 1693/3343/194 1687/3337/188 1685/3335/186 1691/3341/192
f 1694/3344/195 1688/3338/189 1687/3337/188 1693/3343/194
f 1695/3345/196 1689/3339/190 1688/3338/189 1694/3344/195
f 1696/3346/197 1690/3340/191 1689/3339/190 1695/3345/196
f 1692/3342/193 1686/3336/187 1690/3340/191 1696/3346/197
f 1697/3347/198 1691/3341/192 1692/3342/193 1698/3348/199
f 1699/3349/284 1693/3343/194 1691/3341/192 1697/3347/198
f 1700/3350/201 1694/3344/195 1693/3343/194 1699/3349/284
f 1701/3351/202 1695/3345/196 1694/3344/195 1700/3350/201
f 1702/3352/203 1696/3346/197 1695/3345/196 1701/3351/202
f 1698/3348/199 1692/3342/193 1696/3346/197 1702/3352/203
f 1703/3353/204 1697/3347/198 1698/3348/199 1704/3354/205
f 1705/3355/206 1699/3349/284 1697/3347/198 1703/3353/204
f 1706/3356/207 1700/3350/201 1699/3349/284 1705/3355/206
f 1707/3357/208 1701/3351/202 1700/3350/201 1706/3356/207
f 1708/3358/209 1702/3352/203 1701/3351/202 1707/3357/208
f 1704/3354/205 1698/3348/199 1702/3352/203 1708/3358/209
f 1709/3359/210 1703/3353/204 1704/3354/205 1710/3360/211
f 1711/3361/285 1705/3355/206 1703/3353/204 1709/3359/210
f 1712/3362/213 1706/3356/207 1705/3355/206 1711/3361/285
f 1713/3363/286 1707/3357/208 1706/3356/207 1712/3362/213
f 1714/3364/215 1708/3358/209 1707/3357/208 1713/3363/286
f 1710/3360/211 1704/3354/205 1708/3358/209 1714/3364/215
f 1715/3365/216 1709/3359/210 1710/3360/211 1716/3366/217
f 1717/3367/218 1711/3361/285 1709/3359/210 1715/3365/216
f 1718/3368/219 1712/3362/213 1711/3361/285 1717/3367/218
f 1719/3369/287 1713/3363/286 1712/3362/213 1718/3368/219
f 1720/3370/221 1714/3364/215 1713/3363/286 1719/3369/287
f 1716/3366/217 1710/3360/211 1714/3364/215 1720/3370/221
f 1721/3371/222 1715/3365/216 1716/3366/217 1722/3372/223
f 1723/3373/224 1717/3367/218 1715/3365/216 1721/3371/222
f 1724/3374/225 1718/3368/219 1717/3367/218 1723/3373/224
f 1725/3375/226 1719/3369/287 1718/3368/219 1724/3374/225
f 1726/3376/227 1720/3370/221 1719/3369/287 1725/3375/226
f 1722/3372/223 1716/3366/217 1720/3370/221 1726/3376/227
f 1727/3377/228 1721/3371/222 1722/3372/223 1728/3378/229
f 1729/3379/230 1723/3373/224 1721/3371/222 1727/3377/228
f 1730/3380/231 1724/3374/225 1723/3373/224 1729/3379/230
f 1731/3381/232 1725/3375/226 1724/3374/225 1730/3380/231
f 1732/3382/233 1726/3376/227 1725/3375/226 1731/3381/232
f 1728/3378/229 1722/3372/223 1726/3376/227 1732/3382/233
f 1733/3383/234 1727/3377/228 1728/3378/229 1734/3384/235
f 1735/3385/288 1729/3379/230 1727/3377/228 1733/3383/234
f 1736/3386/237 1730/3380/231 1729/3379/230 1735/3385/288
f 1737/3387/289 1731/3381/232 1730/3380/231 1736/3386/237
f 1738/3388/239 1732/3382/233 1731/3381/232 1737/3387/289
f 1734/3384/235 1728/3378/229 1732/3382/233 1738/3388/239
f 1739/3389/240 1733/3383/234 1734/3384/235 1740/3390/241
f 1741/3391/242 1735/3385/288 1733/3383/234 1739/3389/240
f 1742/3392/243 1736/3386/237 1735/3385/288 1741/3391/242
f 1743/3393/244 1737/3387/289 1736/3386/237 1742/3392/243
f 1744/3394/245 1738/3388/239 1737/3387/289 1743/3393/244
f 1740/3390/241 1734/3384/235 1738/3388/239 1744/3394/245
f 1745/3395/9 1746/3396/9 1747/3397/9 1748/3398/9
f 1749/3399/9 1748/3398/9 1747/3397/9 1750/3400/9
f 1669/3319/170 1668/3318/169 1751/3401/164 1752/3402/14
f 1668/3318/169 1672/3322/173 1753/3403/165 1751/3401/164
f 1672/3322/173 1674/3324/175 1754/3404/26 1753/3403/165
f 1674/3324/175 1676/3326/177 1755/3405/166 1754/3404/26
f 1676/3326/177 1678/3328/283 1756/3406/167 1755/3405/166
f 1678/3328/283 1669/3319/170 1752/3402/14 1756/3406/167
s 0
f 1750/3400/9 1747/3397/9 1658/3308/9 1657/3307/9
f 1747/3397/9 1746/3396/9 1666/3316/9 1658/3308/9
f 1746/3396/9 1745/3395/9 1664/3314/9 1666/3316/9
f 1745/3395/9 1748/3398/9 1662/3312/9 1664/3314/9
f 1748/3398/9 1749/3399/9 1660/3310/9 1662/3312/9
f 1749/3399/9 1750/3400/9 1657/3307/9 1660/3310/9
f 1752/3402/43 1751/3401/43 1656/3306/43 1655/3305/43
f 1751/3401/43 1753/3403/43 1659/3309/43 1656/3306/43
f 1753/3403/43 1754/3404/43 1661/3311/43 1659/3309/43
f 1754/3404/43 1755/3405/43 1663/3313/43 1661/3311/43
f 1755/3405/43 1756/3406/43 1665/3315/43 1663/3313/43
f 1756/3406/43 1752/3402/43 1655/3305/43 1665/3315/43
s 1
f 1757/3407/290 1758/3408/290 1759/3409/291 1760/3410/291
f 1761/3410/292 1762/3407/293 1763/3408/293 1764/3409/292
f 1765/3410/294 1766/3407/294 1767/3408/294 1768/3409/294
f 1760/3410/291 1759/3407/291 1763/3408/293 1762/3409/293
f 1769/3410/295 1770/3407/295 1771/3408/295 1772/3409/295
f 1758/3410/290 1757/3407/290 1761/3408/292 1764/3409/292
s 0
f 1759/3409/295 1758/3408/295 1773/3407/295 1774/3410/295
f 1758/3410/296 1764/3409/296 1775/3408/296 1773/3407/296
f 1764/3409/295 1763/3408/295 1776/3409/295 1775/3408/295
f 1763/3408/295 1759/3407/295 1774/3410/295 1776/3409/295
f 1774/3410/297 1773/3407/297 1770/3407/297 1769/3410/297
f 1773/3407/298 1775/3408/298 1771/3408/298 1770/3407/298
f 1775/3408/299 1776/3409/299 1772/3409/299 1771/3408/299
f 1776/3409/300 1774/3410/300 1769/3410/300 1772/3409/300
f 1757/3407/294 1760/3410/294 1777/3407/294 1778/3410/294
f 1760/3410/294 1762/3409/294 1779/3408/294 1777/3407/294
f 1762/3407/294 1761/3410/294 1780/3409/294 1779/3408/294
f 1761/3408/301 1757/3407/301 1778/3410/301 1780/3409/301
f 1778/3410/21 1777/3407/21 1766/3407/21 1765/3410/21
f 1777/3407/302 1779/3408/302 1767/3408/302 1766/3407/302
f 1779/3408/18 1780/3409/18 1768/3409/18 1767/3408/18
f 1780/3409/303 1778/3410/303 1765/3410/303 1768/3409/303
s 1
f 1781/3411/14 1782/3412/164 1783/3413/164 1784/3414/14
f 1782/3412/164 1785/3415/165 1786/3416/165 1783/3413/164
f 1785/3415/165 1787/3417/26 1788/3418/26 1786/3416/165
f 1787/3417/26 1789/3419/166 1790/3420/166 1788/3418/26
f 1789/3419/166 1791/3421/167 1792/3422/167 1790/3420/166
f 1791/3421/167 1781/3411/14 1784/3414/14 1792/3422/167
f 1793/3423/279 1794/3424/169 1795/3425/170 1796/3426/304
f 1797/3427/305 1798/3428/173 1794/3424/169 1793/3423/279
f 1799/3429/174 1800/3430/175 1798/3428/173 1797/3427/305
f 1801/3431/306 1802/3432/177 1800/3430/175 1799/3429/174
f 1803/3433/282 1804/3434/179 1802/3432/177 1801/3431/306
f 1796/3426/304 1795/3425/170 1804/3434/179 1803/3433/282
f 1805/3435/180 1793/3423/279 1796/3426/304 1806/3436/181
f 1807/3437/182 1797/3427/305 1793/3423/279 1805/3435/180
f 1808/3438/183 1799/3429/174 1797/3427/305 1807/3437/182
f 1809/3439/184 1801/3431/306 1799/3429/174 1808/3438/183
f 1810/3440/185 1803/3433/282 1801/3431/306 1809/3439/184
f 1806/3436/181 1796/3426/304 1803/3433/282 1810/3440/185
f 1811/3441/186 1805/3435/180 1806/3436/181 1812/3442/187
f 1813/3443/188 1807/3437/182 1805/3435/180 1811/3441/186
f 1814/3444/189 1808/3438/183 1807/3437/182 1813/3443/188
f 1815/3445/190 1809/3439/184 1808/3438/183 1814/3444/189
f 1816/3446/191 1810/3440/185 1809/3439/184 1815/3445/190
f 1812/3442/187 1806/3436/181 1810/3440/185 1816/3446/191
f 1817/3447/192 1811/3441/186 1812/3442/187 1818/3448/193
f 1819/3449/194 1813/3443/188 1811/3441/186 1817/3447/192
f 1820/3450/195 1814/3444/189 1813/3443/188 1819/3449/194
f 1821/3451/196 1815/3445/190 1814/3444/189 1820/3450/195
f 1822/3452/197 1816/3446/191 1815/3445/190 1821/3451/196
f 1818/3448/193 1812/3442/187 1816/3446/191 1822/3452/197
f 1823/3453/198 1817/3447/192 1818/3448/193 1824/3454/199
f 1825/3455/284 1819/3449/194 1817/3447/192 1823/3453/198
f 1826/3456/201 1820/3450/195 1819/3449/194 1825/3455/284
f 1827/3457/202 1821/3451/196 1820/3450/195 1826/3456/201
f 1828/3458/203 1822/3452/197 1821/3451/196 1827/3457/202
f 1824/3454/199 1818/3448/193 1822/3452/197 1828/3458/203
f 1829/3459/204 1823/3453/198 1824/3454/199 1830/3460/205
f 1831/3461/206 1825/3455/284 1823/3453/198 1829/3459/204
f 1832/3462/207 1826/3456/201 1825/3455/284 1831/3461/206
f 1833/3463/208 1827/3457/202 1826/3456/201 1832/3462/207
f 1834/3464/209 1828/3458/203 1827/3457/202 1833/3463/208
f 1830/3460/205 1824/3454/199 1828/3458/203 1834/3464/209
f 1835/3465/210 1829/3459/204 1830/3460/205 1836/3466/211
f 1837/3467/212 1831/3461/206 1829/3459/204 1835/3465/210
f 1838/3468/213 1832/3462/207 1831/3461/206 1837/3467/212
f 1839/3469/286 1833/3463/208 1832/3462/207 1838/3468/213
f 1840/3470/215 1834/3464/209 1833/3463/208 1839/3469/286
f 1836/3466/211 1830/3460/205 1834/3464/209 1840/3470/215
f 1841/3471/216 1835/3465/210 1836/3466/211 1842/3472/217
f 1843/3473/218 1837/3467/212 1835/3465/210 1841/3471/216
f 1844/3474/219 1838/3468/213 1837/3467/212 1843/3473/218
f 1845/3475/220 1839/3469/286 1838/3468/213 1844/3474/219
f 1846/3476/221 1840/3470/215 1839/3469/286 1845/3475/220
f 1842/3472/217 1836/3466/211 1840/3470/215 1846/3476/221
f 1847/3477/222 1841/3471/216 1842/3472/217 1848/3478/223
f 1849/3479/224 1843/3473/218 1841/3471/216 1847/3477/222
f 1850/3480/225 1844/3474/219 1843/3473/218 1849/3479/224
f 1851/3481/226 1845/3475/220 1844/3474/219 1850/3480/225
f 1852/3482/227 1846/3476/221 1845/3475/220 1851/3481/226
f 1848/3478/223 1842/3472/217 1846/3476/221 1852/3482/227
f 1853/3483/228 1847/3477/222 1848/3478/223 1854/3484/229
f 1855/3485/230 1849/3479/224 1847/3477/222 1853/3483/228
f 1856/3486/231 1850/3480/225 1849/3479/224 1855/3485/230
f 1857/3487/232 1851/3481/226 1850/3480/225 1856/3486/231
f 1858/3488/233 1852/3482/227 1851/3481/226 1857/3487/232
f 1854/3484/229 1848/3478/223 1852/3482/227 1858/3488/233
f 1859/3489/234 1853/3483/228 1854/3484/229 1860/3490/235
f 1861/3491/288 1855/3485/230 1853/3483/228 1859/3489/234
f 1862/3492/237 1856/3486/231 1855/3485/230 1861/3491/288
f 1863/3493/289 1857/3487/232 1856/3486/231 1862/3492/237
f 1864/3494/239 1858/3488/233 1857/3487/232 1863/3493/289
f 1860/3490/235 1854/3484/229 1858/3488/233 1864/3494/239
f 1865/3495/240 1859/3489/234 1860/3490/235 1866/3496/241
f 1867/3497/242 1861/3491/288 1859/3489/234 1865/3495/240
f 1868/3498/243 1862/3492/237 1861/3491/288 1867/3497/242
f 1869/3499/244 1863/3493/289 1862/3492/237 1868/3498/243
f 1870/3500/245 1864/3494/239 1863/3493/289 1869/3499/244
f 1866/3496/241 1860/3490/235 1864/3494/239 1870/3500/245
f 1871/3501/9 1872/3502/9 1873/3503/9 1874/3504/9
f 1875/3505/9 1874/3504/9 1873/3503/9 1876/3506/9
f 1795/3425/170 1794/3424/169 1877/3507/164 1878/3508/14
f 1794/3424/169 1798/3428/173 1879/3509/165 1877/3507/164
f 1798/3428/173 1800/3430/175 1880/3510/26 1879/3509/165
f 1800/3430/175 1802/3432/177 1881/3511/166 1880/3510/26
f 1802/3432/177 1804/3434/179 1882/3512/167 1881/3511/166
f 1804/3434/179 1795/3425/170 1878/3508/14 1882/3512/167
s 0
f 1876/3506/9 1873/3503/9 1784/3414/9 1783/3413/9
f 1873/3503/9 1872/3502/9 1792/3422/9 1784/3414/9
f 1872/3502/9 1871/3501/9 1790/3420/9 1792/3422/9
f 1871/3501/9 1874/3504/9 1788/3418/9 1790/3420/9
f 1874/3504/9 1875/3505/9 1786/3416/9 1788/3418/9
f 1875/3505/9 1876/3506/9 1783/3413/9 1786/3416/9
f 1878/3508/43 1877/3507/43 1782/3412/43 1781/3411/43
f 1877/3507/43 1879/3509/43 1785/3415/43 1782/3412/43
f 1879/3509/43 1880/3510/43 1787/3417/43 1785/3415/43
f 1880/3510/43 1881/3511/43 1789/3419/43 1787/3417/43
f 1881/3511/43 1882/3512/43 1791/3421/43 1789/3419/43
f 1882/3512/43 1878/3508/43 1781/3411/43 1791/3421/43
s 1
f 1883/3513/246 1884/3514/246 1885/3515/247 1886/3516/247
f 1887/3516/248 1888/3513/249 1889/3514/249 1890/3515/248
f 1891/3516/250 1892/3513/250 1893/3514/250 1894/3515/250
f 1886/3516/247 1885/3513/247 1889/3514/249 1888/3515/249
f 1895/3516/251 1896/3513/251 1897/3514/251 1898/3515/251
f 1884/3516/246 1883/3513/246 1887/3514/248 1890/3515/248
s 0
f 1885/3515/251 1884/3514/251 1899/3513/251 1900/3516/251
f 1884/3516/252 1890/3515/252 1901/3514/252 1899/3513/252
f 1890/3515/251 1889/3514/251 1902/3515/251 1901/3514/251
f 1889/3514/251 1885/3513/251 1900/3516/251 1902/3515/251
f 1900/3516/307 1899/3513/307 1896/3513/307 1895/3516/307
f 1899/3513/254 1901/3514/254 1897/3514/254 1896/3513/254
f 1901/3514/255 1902/3515/255 1898/3515/255 1897/3514/255
f 1902/3515/256 1900/3516/256 1895/3516/256 1898/3515/256
f 1883/3513/250 1886/3516/250 1903/3513/250 1904/3516/250
f 1886/3516/250 1888/3515/250 1905/3514/250 1903/3513/250
f 1888/3513/250 1887/3516/250 1906/3515/250 1905/3514/250
f 1887/3514/257 1883/3513/257 1904/3516/257 1906/3515/257
f 1904/3516/21 1903/3513/21 1892/3513/21 1891/3516/21
f 1903/3513/258 1905/3514/258 1893/3514/258 1892/3513/258
f 1905/3514/18 1906/3515/18 1894/3515/18 1893/3514/18
f 1906/3515/259 1904/3516/259 1891/3516/259 1894/3515/259
